mcarm_5,mcarm_12,mcarm_3,mcarm_9,mcarm_20,mcarm_21,mcarm_11,mcarm_8,mcarm_2,mcarm_6,mcarm_19,mcarm_16,mcarm_10,mcarm_1,mcarm_13,mcarm_4,mcarm_14,mcarm_18,mcarm_17,mcarm_7,mcarm_15,mcarm_purpose_connection,mcarm_help_seeking,mcarm_beliefs_about_civilians,mcarm_resentment_regret,mcarm_regimentation,mcarm_total,wis_interdependent_11,wis_private_1,wis_family_19,wis_private_4,wis_skills_30,wis_connection_15,wis_private_5,wis_centrality_24,wis_private_7,wis_connection_17,wis_skills_31,wis_interdependent_10,wis_private_2,wis_private_6,wis_public_28,wis_public_27,wis_interdependent_12,wis_family_18,wis_public_26,wis_interdependent_9,wis_skills_29,wis_family_20,wis_centrality_23,wis_centrality_21,wis_interdependent_13,wis_centrality_22,wis_interdependent_8,wis_connection_16,wis_public_25,wis_interdependent_14,wis_private_3,wis_private_regard_total,wis_interdependent_total,wis_connection_total,wis_family_total,wis_centrality_total,wis_public_regard_total,wis_skills_total,wis_total,race_asian,race_native,race_black,race_latino,race_mena,race_pacific,race_white,race_other,race_multiple,race,rank_e1_e3,rank_e4_e6,rank_e7_e9,rank_w1_cw5,rank_o1_o3,rank_o4_o6,sex,sex_4_TEXT,sexual_orientation,sexual_orientation_6_TEXT,sex_female,sex_male,sex_nonbinary,sex_other,sexual_orientation_straight,sexual_orientation_gay,sexual_orientation_bi,sexual_orientation_other,service_era_post_wwii,service_era_korea,service_era_cold_war,service_era_vietnam,service_era_persian_gulf,service_era_post_911,service_era_multiple,service_era,military_exp_combat,military_exp_noncombat,military_exp_support,military_exp_peacekeeping,military_exp_total,military_exp_none,military_exp_any,branch_air_force,branch_army,branch_coast_guard,branch_marines,branch_navy,branch_space_force,branch_public_health,branch_none,branch_multiple,branch,discharge_reason,discharge_other,discharge_medical,discharge_unexpected,disability,disability_percent,enlisted,n_deploy,age_range,education,employment,marital,years_service,years_separation,pc_ptsd_positive_screen,mios_screener,years_of_age
2,1,3,3,5,5,1,3,4,1,5,5,4,4,2,3,2,3,3,4,5,17,14,4,12,21,68,4,4,4,3,1,1,4,4,4,4,4,4,4,4,4,4,4,4,4,4,4,4,4,4,4,4,4,4,4,4,4,27,28,9,12,16,16,9,117,0,0,0,0,0,0,1,0,0,White,0,0,1,0,0,0,male,NA,straight,NA,0,1,0,0,1,0,0,0,0,0,1,0,0,1,1,Cold War,1,1,1,1,4,0,1,0,0,0,0,1,0,0,0,0,Navy,Service Completed,0,0,0,1,0.1,1,12,"(54.5,64.5]",High school diploma or equivalent,Retired,Married,23,14,0,0,56
4,5,5,4,4,4,1,5,5,5,2,5,4,5,4,5,3,4,5,5,4,29,18,10,12,19,88,2,3,2,3,2,3,3,4,3,3,2,2,3,3,3,3,3,3,3,3,3,1,3,2,3,2,2,3,3,3,3,21,18,9,6,11,12,7,84,0,0,1,0,0,0,0,0,0,Black or African American,0,0,1,0,0,0,female,NA,gay,NA,1,0,0,0,0,1,0,0,0,0,0,0,0,1,0,Post-9/11,1,1,0,1,3,0,1,0,1,0,0,0,0,0,0,0,Army,Medical Discharge,0,1,1,1,0.1,1,3,"(34.5,44.5]",Masters degree,Part Time,Divorced,10,6,0,1,43
2,1,4,4,3,2,1,5,5,1,3,4,4,4,2,3,1,2,4,5,2,19,18,4,7,14,62,3,4,2,4,2,3,3,3,4,4,2,3,4,4,2,2,3,3,2,2,4,2,3,3,2,3,3,2,2,2,3,26,18,9,7,12,8,8,88,0,0,0,0,0,0,1,0,0,White,0,0,1,0,0,0,female,NA,straight,NA,1,0,0,0,1,0,0,0,0,0,0,0,0,1,0,Post-9/11,1,1,1,1,4,0,1,0,1,0,0,0,0,0,0,0,Army,Service Completed,0,0,0,1,0.1,1,2,"(44.5,54.5]",Some college,Retired,Married,20,1,0,1,50
5,2,4,1,4,2,4,4,4,4,2,4,4,4,4,4,3,4,4,4,2,25,13,10,9,16,73,2,3,2,4,3,3,3,2,4,2,3,2,4,4,3,3,2,3,3,3,4,3,2,3,2,3,3,3,3,4,4,26,18,8,8,10,12,10,92,0,0,0,0,0,0,1,0,0,White,0,0,1,0,0,0,male,NA,straight,NA,0,1,0,0,1,0,0,0,0,0,1,0,0,1,1,Cold War,1,1,1,1,4,0,1,0,1,0,0,0,0,0,0,0,Army,Service Completed,0,0,0,1,0.4,1,20,"(54.5,64.5]",Masters degree,Full Time,Married,23,13,0,0,58
2,4,3,1,3,4,2,3,5,3,2,5,4,3,2,2,2,2,5,2,5,18,10,8,12,16,64,3,4,4,4,4,4,4,2,4,2,4,4,4,4,3,4,4,4,3,4,4,3,1,1,4,4,4,4,4,4,4,28,27,10,11,8,14,12,110,0,0,0,0,0,0,1,0,0,White,0,0,1,0,0,0,male,NA,straight,NA,0,1,0,0,1,0,0,0,0,0,0,0,0,1,0,Post-9/11,1,0,1,1,3,0,1,0,0,0,1,0,0,0,0,0,Marines,Service Completed,0,0,0,0,0,1,4,"(34.5,44.5]",Bachelors degree,Full Time,Married,8,4,1,1,37
5,1,5,4,4,2,3,5,4,2,1,4,5,5,1,4,1,4,5,5,1,25,19,5,6,16,71,4,4,1,4,4,4,4,2,4,4,4,4,4,4,4,4,4,4,2,4,4,4,4,4,4,4,4,4,4,4,4,28,28,12,9,14,14,12,117,0,0,0,1,0,0,0,0,0,"Hispanic, Latino, or Spanish origin",0,0,1,0,0,0,male,NA,straight,NA,0,1,0,0,1,0,0,0,0,0,0,0,1,1,1,Persian Gulf: Pre-9/11,1,1,1,1,4,0,1,0,1,0,0,0,0,0,0,0,Army,Service Completed,0,0,0,1,0.1,1,9,"(44.5,54.5]",Some college,Retired,Married,21,7,1,1,48
2,1,2,2,4,2,2,5,3,2,3,1,4,4,1,1,1,4,3,4,1,14,15,4,3,16,52,2,3,3,3,4,3,2,2,3,4,4,3,3,4,2,3,4,3,3,3,3,3,4,4,3,3,3,3,2,3,4,22,21,10,9,13,10,11,96,0,0,0,0,0,0,1,0,0,White,0,0,1,0,0,0,female,NA,straight,NA,1,0,0,0,1,0,0,0,0,0,0,0,1,1,1,Persian Gulf: Pre-9/11,0,1,1,0,2,0,1,0,1,0,0,0,0,0,0,0,Army,Medical Discharge,0,1,1,1,0.9,1,1,"(44.5,54.5]",Bachelors degree,Retired,Divorced,24,3,1,1,48
5,2,3,1,2,3,2,3,5,1,2,5,5,3,1,3,1,1,4,1,5,20,10,5,11,12,58,2,4,4,4,4,3,4,2,4,4,3,2,4,4,1,2,3,3,1,2,3,2,2,3,2,3,3,3,2,2,3,27,16,10,9,10,6,10,88,0,0,0,0,0,0,1,0,0,White,0,0,1,0,0,0,male,NA,straight,NA,0,1,0,0,1,0,0,0,0,0,1,0,0,1,1,Cold War,1,1,1,1,4,0,1,1,0,0,0,0,0,0,0,0,Air Force,Service Completed,0,0,0,0,0,1,4,"(54.5,64.5]",Masters degree,Full Time,Married,20,18,0,1,63
3,3,4,2,4,3,1,4,4,4,2,4,4,4,4,4,2,2,3,5,2,23,15,8,8,14,68,3,4,3,3,3,3,3,3,3,3,3,3,3,4,3,3,3,3,3,3,3,3,3,3,3,3,3,3,4,3,3,23,21,9,9,12,13,9,96,0,0,0,0,0,0,1,0,0,White,0,0,1,0,0,0,male,NA,straight,NA,0,1,0,0,1,0,0,0,0,0,1,0,1,0,1,Cold War,1,1,1,0,3,0,1,0,0,0,0,1,0,0,0,0,Navy,Medical Discharge,0,1,1,1,0.7,1,5,"(54.5,64.5]",Some college,Unemployed,Married,14,23,0,1,57
5,2,5,1,2,2,2,1,5,5,1,5,5,5,1,5,1,2,5,5,5,30,12,5,11,12,70,3,4,4,4,3,4,4,1,4,4,4,4,4,4,2,4,4,3,4,4,4,4,2,2,4,3,4,4,3,4,4,28,27,12,11,8,13,11,110,0,0,0,0,0,0,1,0,0,White,0,0,1,0,0,0,male,NA,straight,NA,0,1,0,0,1,0,0,0,0,0,1,0,0,1,1,Cold War,1,1,1,1,4,0,1,0,0,0,1,0,0,0,0,0,Marines,Service Completed,0,0,0,1,0.8,1,4,"(64.5,74.5]",Bachelors degree,Retired,Married,20,20,0,0,65
2,2,5,1,5,3,2,3,5,4,1,2,5,5,2,5,5,3,2,4,1,26,13,6,8,14,67,3,3,3,4,3,3,2,3,4,2,3,3,3,3,4,4,3,3,3,3,4,1,3,3,1,3,3,4,4,3,3,22,19,9,7,12,15,10,94,0,0,1,0,0,0,0,0,0,Black or African American,0,0,1,0,0,0,male,NA,bisexual,NA,0,1,0,0,0,0,1,0,0,0,0,0,0,1,0,Post-9/11,0,1,0,0,1,0,1,0,1,0,0,0,0,0,0,0,Army,Service Completed,0,0,0,0,0,1,1,"(18,34.5]",Associates degree,Full Time,Never married,6,2,1,1,23
3,2,4,2,4,2,3,4,4,2,2,5,5,5,2,4,5,4,5,5,5,22,16,7,15,17,77,2,4,1,4,4,4,4,4,4,4,4,3,4,4,2,3,3,4,4,3,4,3,4,4,4,4,3,4,3,3,4,28,21,12,8,16,12,12,109,0,0,0,0,0,0,1,0,0,White,0,0,1,0,0,0,female,NA,straight,NA,1,0,0,0,1,0,0,0,0,0,0,0,1,1,1,Persian Gulf: Pre-9/11,0,0,0,1,1,0,1,0,1,0,0,0,0,0,0,0,Army,Medical Discharge,0,1,1,1,0.1,1,0,"(54.5,64.5]",Masters degree,Retired,Divorced,20,3,0,1,58
5,5,5,5,3,5,3,5,5,3,3,5,5,5,5,5,3,3,5,5,5,28,20,13,13,19,93,3,3,1,3,3,4,4,2,4,4,1,3,3,4,3,3,3,3,3,3,3,2,2,2,3,3,3,2,3,3,3,24,21,10,6,9,12,7,89,0,0,1,0,0,0,0,0,0,Black or African American,0,0,1,0,0,0,female,NA,straight,NA,1,0,0,0,1,0,0,0,0,0,1,1,1,0,1,Cold War,0,1,0,0,1,0,1,1,0,0,0,0,0,0,0,0,Air Force,Service Completed,0,0,0,0,0,1,1,"(74.5,100]",Associates degree,Retired,Divorced,21,30,0,0,76
5,4,4,4,3,4,2,4,5,5,4,5,5,5,2,5,2,4,5,4,5,29,17,8,12,20,86,2,4,2,3,3,3,4,3,4,3,3,2,4,4,2,3,4,3,3,2,3,2,3,3,2,3,2,3,3,3,3,26,17,9,7,12,11,9,91,0,0,0,0,0,0,1,0,0,White,0,0,1,0,0,0,male,NA,straight,NA,0,1,0,0,1,0,0,0,0,0,1,0,0,1,1,Cold War,1,1,1,1,4,0,1,0,1,0,0,0,0,0,0,0,Army,Service Completed,0,0,0,1,0.6,1,5,"(44.5,54.5]",Bachelors degree,Full Time,Married,21,15,0,0,54
3,5,4,1,2,2,1,2,2,2,1,5,4,3,4,3,1,1,2,2,4,17,9,10,10,8,54,3,4,2,4,3,3,4,4,4,4,1,4,4,4,3,3,4,4,3,4,4,4,4,4,3,3,3,4,3,4,4,28,25,11,10,15,12,8,109,0,0,0,0,0,0,1,0,0,White,0,0,1,0,0,0,male,NA,straight,NA,0,1,0,0,1,0,0,0,0,0,1,1,0,1,1,Cold War,0,1,0,0,1,0,1,0,1,0,0,0,0,0,0,0,Army,Service Completed,0,0,0,0,0,1,1,"(64.5,74.5]",Bachelors degree,Full Time,Married,29,21,0,1,71
5,1,3,3,2,4,1,1,5,4,2,5,4,5,3,3,1,1,5,5,5,25,13,5,11,14,68,4,4,4,4,4,4,4,4,4,4,4,4,4,4,1,1,4,4,2,4,4,4,4,4,4,4,4,4,1,4,4,28,28,12,12,16,5,12,113,0,0,0,0,0,0,1,0,0,White,0,0,1,0,0,0,male,NA,straight,NA,0,1,0,0,1,0,0,0,0,0,1,1,1,0,1,Cold War,1,1,1,1,4,0,1,1,0,0,0,0,0,0,0,0,Air Force,Service Completed,0,0,0,0,0,1,5,"(74.5,100]",Some college,Retired,Married,26,31,1,0,76
5,5,5,2,1,5,4,4,5,5,2,5,5,5,5,4,3,2,5,2,5,29,13,14,13,15,84,2,4,1,4,3,4,4,2,4,4,3,2,4,4,3,3,2,3,3,3,4,2,3,3,3,3,3,4,3,2,4,28,17,12,6,11,12,10,96,0,0,0,0,0,0,1,0,0,White,0,0,1,0,0,0,male,NA,straight,NA,0,1,0,0,1,0,0,0,0,0,1,1,1,0,1,Cold War,1,1,1,1,4,0,1,1,0,0,0,0,0,0,0,0,Air Force,Service Completed,0,0,0,1,0.3,1,5,"(64.5,74.5]",Associates degree,Retired,Widowed,22,33,0,0,72
5,4,5,1,4,2,2,4,4,4,4,5,5,5,4,5,4,2,4,5,5,28,15,10,14,16,83,2,3,2,3,3,3,3,2,3,3,3,3,3,3,3,3,4,4,4,4,3,3,2,3,3,4,3,1,4,4,4,22,23,7,9,11,14,9,95,0,0,0,0,0,0,1,0,0,White,0,0,1,0,0,0,male,NA,straight,NA,0,1,0,0,1,0,0,0,0,0,0,0,0,1,0,Post-9/11,1,1,0,0,2,0,1,1,0,0,0,0,0,0,0,0,Air Force,Service Completed,0,0,0,0,0,1,2,"(34.5,44.5]",Bachelors degree,Full Time,Married,8,7,0,1,43
5,2,4,2,4,2,2,3,4,3,2,5,3,4,3,4,2,3,4,4,5,24,12,7,12,15,70,3,4,3,3,3,4,4,4,4,4,4,3,4,4,3,3,3,3,2,3,4,3,2,4,3,4,3,4,2,3,3,26,21,12,9,14,10,11,103,0,0,0,0,0,0,1,0,0,White,0,0,1,0,0,0,male,NA,straight,NA,0,1,0,0,1,0,0,0,0,1,1,1,0,0,1,Korea,0,1,0,1,2,0,1,0,0,0,0,1,0,0,0,0,Navy,Voluntary Discharge,0,0,0,0,0,1,40,"(74.5,100]",Some college,Retired,Married,20,50,0,0,88
4,5,4,2,5,5,3,3,3,2,3,5,2,4,5,3,2,5,5,3,5,20,10,13,12,23,78,1,4,1,3,3,4,4,1,4,4,3,1,4,4,3,3,3,3,3,2,4,1,3,2,2,3,3,3,3,4,4,27,16,11,5,9,12,10,90,0,0,0,0,0,0,1,0,0,White,0,0,1,0,0,0,male,NA,straight,NA,0,1,0,0,1,0,0,0,0,0,1,0,1,0,1,Cold War,0,0,1,0,1,0,1,1,0,0,0,0,0,0,0,0,Air Force,Service Completed,0,0,0,0,0,1,0,"(64.5,74.5]",Some college,Full Time,Married,21,23,0,0,66
4,4,3,3,2,2,2,3,4,4,1,5,4,3,3,4,4,3,5,3,5,22,13,9,14,13,71,2,3,2,3,3,3,3,3,3,3,2,3,3,3,3,3,3,3,3,3,3,3,3,3,2,3,2,3,3,2,3,21,17,9,8,12,12,8,87,0,0,0,0,0,0,1,0,0,White,0,0,1,0,0,0,male,NA,straight,NA,0,1,0,0,1,0,0,0,0,0,1,0,0,1,1,Cold War,0,1,0,0,1,0,1,0,1,0,0,0,0,0,0,0,Army,Other,1,0,1,0,0,1,2,"(64.5,74.5]",Bachelors degree,Retired,Never married,20,19,0,1,68
5,3,5,3,4,4,3,5,5,5,4,5,4,5,4,5,4,3,5,5,5,30,17,10,14,20,91,3,4,3,4,3,4,4,3,4,4,3,3,4,4,3,3,3,3,3,3,4,2,4,4,3,3,2,4,3,3,4,28,20,12,8,14,12,10,104,0,0,0,0,0,0,1,0,0,White,0,0,1,0,0,0,male,NA,straight,NA,0,1,0,0,1,0,0,0,0,0,1,0,0,0,0,Cold War,1,1,1,0,3,0,1,0,1,0,0,0,0,0,0,0,Army,Other,1,0,1,0,0,1,6,"(74.5,100]",Associates degree,Retired,Widowed,28,36,0,0,79
4,3,4,2,3,4,3,3,4,4,3,5,4,4,4,4,3,4,4,4,4,24,13,10,12,18,77,2,3,3,3,3,3,4,2,4,4,3,3,4,4,3,3,3,3,3,2,3,3,2,3,2,3,3,3,3,3,3,25,18,10,9,10,12,9,93,0,0,0,0,0,0,1,0,0,White,0,0,1,0,0,0,male,NA,bisexual,NA,0,1,0,0,0,0,1,0,0,0,1,1,0,0,1,Cold War,1,1,1,0,3,0,1,0,0,0,0,1,0,0,0,0,Navy,Service Completed,0,0,0,0,0,1,6,"(74.5,100]",Associates degree,Part Time,Married,21,38,0,0,76
5,5,5,4,4,2,4,5,5,5,4,5,5,5,4,5,4,4,5,5,5,30,19,13,14,19,95,3,4,2,4,2,4,4,3,4,4,3,2,4,4,3,3,4,3,3,3,4,3,4,4,3,3,3,3,3,3,4,28,21,11,8,14,12,9,103,0,0,0,0,0,0,1,0,0,White,0,0,1,0,0,0,male,NA,straight,NA,0,1,0,0,1,0,0,0,0,0,1,0,0,1,1,Cold War,1,1,1,0,3,0,1,0,1,0,0,0,0,0,0,0,Army,Voluntary Discharge,0,0,0,0,0,1,1,"(64.5,74.5]",Bachelors degree,Retired,Married,27,13,0,0,74
5,3,5,5,3,5,3,4,5,5,4,5,5,5,5,4,5,4,4,5,5,29,19,11,15,20,94,2,4,2,3,3,4,4,2,4,4,3,2,4,4,3,3,3,3,3,2,3,2,2,2,2,2,2,3,3,3,3,26,16,11,7,8,12,9,89,0,0,0,0,0,0,1,0,0,White,0,0,1,0,0,0,male,NA,straight,NA,0,1,0,0,1,0,0,0,0,0,1,1,1,0,1,Cold War,0,1,0,0,1,0,1,1,0,0,0,1,0,0,0,1,Multiple,Service Completed,0,0,0,1,0.3,1,4,"(74.5,100]",High school diploma or equivalent,Retired,Married,30,28,0,0,77
5,3,5,4,2,5,1,1,5,3,3,5,5,4,2,3,2,3,4,5,5,25,15,6,12,17,75,2,3,1,3,1,2,3,2,4,3,2,3,3,4,2,3,3,2,3,3,3,2,2,3,2,3,2,2,3,2,3,23,17,7,5,10,11,6,79,0,0,0,0,0,0,0,1,0,"Some other race, ethnicity, or origin",0,0,0,0,1,0,male,NA,straight,NA,0,1,0,0,1,0,0,0,0,0,1,0,1,0,1,Cold War,0,1,0,0,1,0,1,0,1,0,0,0,0,0,0,0,Army,Service Completed,0,0,0,0,0,0,1,"(54.5,64.5]",Doctorate,Full Time,Married,8,28,0,1,55
3,4,4,2,3,5,3,3,5,5,4,3,5,3,4,4,4,4,5,3,4,24,13,11,11,21,80,2,3,3,3,2,3,4,2,4,3,2,2,3,3,3,3,3,3,3,3,3,2,2,2,2,2,2,2,3,2,3,23,16,8,8,8,12,7,82,0,0,0,0,0,0,1,0,0,White,1,0,0,0,0,0,female,NA,straight,NA,1,0,0,0,1,0,0,0,0,0,1,0,0,0,0,Cold War,0,0,0,0,0,1,0,0,1,0,0,0,0,0,0,0,Army,Voluntary Discharge,0,0,0,0,0,1,0,"(64.5,74.5]",Doctorate,Retired,Widowed,1,42,0,0,71
3,2,4,4,4,2,2,5,2,4,3,2,4,3,3,4,4,4,3,2,2,20,15,7,8,16,66,2,3,1,3,2,2,3,2,3,2,2,2,2,2,3,3,2,3,3,2,3,2,3,3,3,1,1,4,3,3,2,18,15,8,6,9,12,7,75,0,0,0,0,0,0,1,0,0,White,0,1,0,0,0,0,female,NA,straight,NA,1,0,0,0,1,0,0,0,0,0,0,0,0,1,0,Post-9/11,1,0,0,1,2,0,1,1,0,0,0,0,0,0,0,0,Air Force,Medical Discharge,0,1,1,1,0.4,1,1,"(18,34.5]",Bachelors degree,Student,Married,11,1,1,1,32
2,3,3,2,4,2,2,5,4,4,3,5,5,4,2,2,2,3,4,4,4,19,16,7,11,16,69,3,4,2,4,3,3,4,3,4,3,3,3,4,4,3,3,3,4,3,3,4,4,4,4,3,4,2,3,3,4,4,28,21,9,10,15,12,10,105,0,0,0,0,0,0,1,0,0,White,0,0,0,1,0,0,male,NA,bisexual,NA,0,1,0,0,0,0,1,0,0,0,0,0,1,1,1,Persian Gulf: Pre-9/11,1,1,1,1,4,0,1,0,1,0,0,0,0,0,0,0,Army,Service Completed,0,0,0,1,0.7,0,4,"(44.5,54.5]",Masters degree,Full Time,Married,26,7,0,1,52
3,1,2,2,1,4,3,3,2,3,2,2,4,2,3,2,4,3,1,3,1,14,12,7,7,11,51,2,3,1,3,2,2,3,1,2,2,2,3,1,3,3,2,2,2,3,2,3,2,3,3,1,3,3,3,1,2,3,18,15,7,5,10,9,7,71,0,0,1,0,0,0,0,0,0,Black or African American,0,1,0,0,0,0,female,NA,straight,NA,1,0,0,0,1,0,0,0,0,0,1,0,0,0,0,Cold War,0,0,0,0,0,1,0,0,1,0,0,0,0,0,0,0,Army,Voluntary Discharge,0,0,0,1,0.4,1,0,"(54.5,64.5]",Masters degree,Full Time,Married,3,34,0,1,56
3,1,3,2,3,1,2,3,3,5,2,1,4,4,3,2,1,3,1,4,1,20,13,6,3,10,52,4,1,1,3,2,3,1,3,3,4,2,2,2,1,1,2,3,3,1,2,3,3,3,4,2,3,3,1,1,3,4,15,19,8,7,13,5,7,74,0,0,0,0,0,0,1,0,0,White,1,0,0,0,0,0,male,NA,straight,NA,0,1,0,0,1,0,0,0,0,0,0,0,0,1,0,Post-9/11,0,0,0,0,0,1,0,0,1,0,0,0,0,0,0,0,Army,Service Completed,0,0,0,0,0,1,0,"(34.5,44.5]",High school diploma or equivalent,Unemployed,Never married,1,15,1,1,35
1,1,2,1,4,2,1,2,4,4,2,4,4,4,1,2,1,3,2,3,1,17,10,3,6,13,49,3,4,4,4,4,3,4,4,4,4,4,4,4,4,4,3,4,4,3,4,4,4,4,4,4,4,4,4,3,4,4,28,27,11,12,16,13,12,119,0,0,0,0,0,0,1,0,0,White,0,1,0,0,0,0,male,NA,straight,NA,0,1,0,0,1,0,0,0,0,0,0,0,0,1,0,Post-9/11,1,0,0,0,1,0,1,0,1,0,0,0,0,0,0,0,Army,Voluntary Discharge,0,0,0,0,0,1,1,"(44.5,54.5]",Associates degree,Full Time,Married,4,7,0,1,45
1,1,4,2,4,4,1,4,4,1,1,5,4,5,1,3,2,2,5,4,5,18,14,3,12,16,63,3,4,4,4,1,3,4,3,4,3,4,4,4,4,3,3,4,4,3,4,4,4,1,4,3,3,3,3,3,4,4,28,25,9,12,11,12,9,106,0,0,0,0,0,0,1,0,0,White,0,1,0,0,0,0,female,NA,straight,NA,1,0,0,0,1,0,0,0,0,0,0,0,0,1,0,Post-9/11,0,1,0,0,1,0,1,1,0,0,0,0,0,0,0,0,Air Force,Service Completed,0,0,0,0,0,1,2,"(34.5,44.5]",Bachelors degree,Student,Married,6,8,0,0,35
5,4,5,2,4,4,2,4,5,4,4,5,4,5,4,4,4,4,4,4,5,28,14,10,14,20,86,2,4,2,3,3,3,3,3,4,3,2,2,4,4,2,3,3,3,4,2,3,1,3,4,3,4,2,3,4,2,4,26,16,9,6,14,13,8,92,0,0,0,0,0,0,1,0,0,White,0,1,0,0,0,0,male,NA,straight,NA,0,1,0,0,1,0,0,0,0,0,0,0,1,1,1,Persian Gulf: Pre-9/11,0,1,0,0,1,0,1,0,0,0,0,1,0,0,0,0,Navy,Service Completed,0,0,0,1,0.3,1,1,"(44.5,54.5]",Some college,Full Time,Married,10,21,0,0,51
5,2,4,2,4,4,3,3,5,5,2,5,3,5,4,3,5,3,5,4,5,27,12,9,15,18,81,3,4,4,4,4,4,4,3,4,4,3,2,4,4,3,3,3,3,3,3,4,4,4,4,3,4,2,3,3,3,3,27,19,11,11,15,12,11,106,0,0,0,0,0,0,1,0,0,White,0,1,0,0,0,0,male,NA,straight,NA,0,1,0,0,1,0,0,0,0,0,0,0,1,0,0,Persian Gulf: Pre-9/11,0,1,0,0,1,0,1,0,0,0,0,1,0,0,0,0,Navy,Voluntary Discharge,0,0,0,0,0,1,10,"(44.5,54.5]",High school diploma or equivalent,Full Time,Married,4,29,0,0,52
2,2,2,2,2,2,1,5,4,1,1,2,5,2,2,2,2,2,1,4,1,13,16,5,5,8,47,4,2,2,3,3,2,2,3,3,1,3,4,3,3,2,2,4,4,4,4,3,2,1,3,3,3,4,1,3,4,4,20,27,4,8,10,11,9,89,1,1,1,0,0,0,1,0,1,Multiple,1,0,0,0,0,0,male,NA,straight,NA,0,1,0,0,1,0,0,0,0,0,1,0,0,0,0,Cold War,0,1,1,0,2,0,1,0,0,0,1,0,0,0,0,0,Marines,Service Completed,0,0,0,1,0.2,1,2,"(64.5,74.5]",Some college,Part Time,Married,4,35,1,1,65
5,5,5,3,4,5,3,4,4,3,5,5,4,5,5,5,2,4,5,4,5,27,15,13,12,23,90,3,4,2,4,2,4,4,3,4,3,4,2,4,4,2,4,4,3,3,3,4,3,4,3,4,4,3,4,3,4,4,28,23,11,8,14,12,10,106,0,0,1,0,0,0,0,0,0,Black or African American,0,1,0,0,0,0,male,NA,straight,NA,0,1,0,0,1,0,0,0,0,0,1,1,1,0,1,Cold War,1,1,1,0,3,0,1,0,0,0,0,1,0,0,0,0,Navy,Service Completed,0,0,0,1,0.3,1,10,"(64.5,74.5]",Associates degree,Retired,Married,20,28,0,0,69
5,5,5,5,4,5,2,4,3,4,4,5,5,5,4,5,5,3,5,5,5,27,19,11,15,21,93,2,3,2,3,2,3,4,2,4,4,3,1,4,4,3,3,3,3,3,2,3,2,4,2,3,3,2,4,3,2,3,25,15,11,7,11,12,8,89,0,0,0,0,0,0,1,0,0,White,0,1,0,0,0,0,male,NA,straight,NA,0,1,0,0,1,0,0,0,0,0,1,0,1,0,1,Cold War,0,0,0,0,0,1,0,0,1,0,0,0,0,0,0,0,Army,Service Completed,0,0,0,0,0,1,0,"(54.5,64.5]",Associates degree,Full Time,Married,8,32,0,0,57
5,2,5,2,4,4,2,4,5,5,4,2,4,5,2,5,2,4,2,4,2,30,14,6,6,18,74,2,4,2,3,1,2,3,2,4,3,2,2,3,4,3,3,3,4,3,2,4,3,3,2,1,3,2,3,3,3,4,25,15,8,9,10,12,7,86,0,0,0,0,0,0,1,0,0,White,1,0,0,0,0,0,female,NA,straight,NA,1,0,0,0,1,0,0,0,0,0,0,0,0,1,0,Post-9/11,0,0,0,0,0,1,0,1,0,0,0,0,0,0,0,0,Air Force,Voluntary Discharge,0,0,0,0,0,1,0,"(18,34.5]",Some college,Unemployed,Married,1,13,0,1,32
2,5,5,5,4,2,5,2,4,5,2,1,5,4,5,5,2,2,5,4,5,25,16,15,8,15,79,4,3,1,3,2,4,4,4,4,4,3,1,2,3,1,3,3,3,3,4,4,1,1,3,2,3,3,4,1,3,3,22,20,12,5,11,8,9,87,1,0,0,0,0,0,0,0,0,Asian,0,0,0,0,1,0,female,NA,straight,NA,1,0,0,0,1,0,0,0,0,0,0,0,0,1,0,Post-9/11,1,0,0,0,1,0,1,0,1,0,0,0,0,0,0,0,Army,Medical Discharge,0,1,1,0,0,0,2,"(18,34.5]",Bachelors degree,Part Time,Never married,6,2,0,0,23
4,3,4,2,4,4,2,3,5,5,3,2,4,5,2,2,2,5,2,4,3,25,13,7,7,18,70,2,3,3,3,2,4,3,2,4,3,1,2,2,3,3,3,4,3,4,2,3,3,3,3,4,3,3,3,4,3,4,22,20,10,9,11,14,6,92,0,0,1,0,0,0,0,0,0,Black or African American,1,0,0,0,0,0,male,NA,straight,NA,0,1,0,0,1,0,0,0,0,0,1,0,0,0,0,Cold War,0,1,0,1,2,0,1,0,0,0,1,0,0,0,0,0,Marines,Voluntary Discharge,0,0,0,0,0,1,2,"(54.5,64.5]",Some college,Unemployed,Divorced,4,36,0,1,59
2,2,4,2,3,3,3,3,2,3,3,2,4,3,2,4,2,2,4,4,4,18,13,7,8,15,61,3,4,4,4,4,3,4,3,4,4,4,3,4,4,2,3,3,3,3,3,4,3,4,4,4,4,3,4,3,3,4,28,22,11,10,15,11,12,109,0,0,0,0,0,0,1,0,0,White,0,1,0,0,0,0,male,NA,straight,NA,0,1,0,0,1,0,0,0,0,0,1,0,0,0,0,Cold War,0,1,1,0,2,0,1,0,0,0,0,1,0,0,0,0,Navy,Service Completed,0,0,0,0,0,1,2,"(54.5,64.5]",High school diploma or equivalent,Retired,Married,4,40,0,0,63
2,1,4,1,4,1,1,5,5,4,1,4,4,2,2,5,1,1,5,4,4,22,14,4,9,12,61,4,3,3,4,2,3,4,3,4,4,3,4,3,4,3,3,4,4,3,4,4,4,4,4,4,4,3,4,3,4,3,25,27,11,11,15,12,9,110,0,0,0,0,0,0,1,0,0,White,0,1,0,0,0,0,male,NA,straight,NA,0,1,0,0,1,0,0,0,0,0,0,0,1,1,1,Persian Gulf: Pre-9/11,0,0,0,0,0,1,0,0,1,0,0,0,0,0,0,0,Army,Voluntary Discharge,0,0,0,1,0.1,1,0,"(44.5,54.5]",Associates degree,Full Time,Married,8,19,0,1,49
5,3,5,5,3,5,3,5,1,3,5,5,5,5,3,5,5,5,5,5,5,24,20,9,15,23,91,3,4,1,2,3,3,3,3,3,4,2,1,3,1,3,4,4,3,3,3,2,2,3,3,2,3,3,2,3,3,3,19,19,9,6,12,13,7,85,0,0,1,0,0,0,0,0,0,Black or African American,0,1,0,0,0,0,male,NA,straight,NA,0,1,0,0,1,0,0,0,0,0,1,0,0,0,0,Cold War,0,1,0,0,1,0,1,0,1,0,0,0,0,0,0,0,Army,Service Completed,0,0,0,0,0,1,3,"(54.5,64.5]",Masters degree,Full Time,Divorced,3,36,0,0,60
3,1,4,5,3,2,3,5,4,5,2,1,5,5,2,3,1,2,1,5,1,24,20,6,3,10,63,3,3,4,2,3,2,2,2,3,3,2,2,2,3,2,2,4,4,2,4,3,3,2,3,2,3,4,3,2,3,4,19,22,8,11,10,8,8,86,0,0,0,0,0,0,1,0,0,White,1,0,0,0,0,0,female,NA,straight,NA,1,0,0,0,1,0,0,0,0,0,1,0,0,0,0,Cold War,0,0,0,0,0,1,0,0,0,0,0,1,0,0,0,0,Navy,Voluntary Discharge,0,0,0,0,0,1,0,"(54.5,64.5]",Associates degree,Unemployed,Never married,1.5,42,0,1,62
5,2,4,1,4,4,3,2,4,3,2,5,4,4,2,2,1,2,3,2,5,22,9,7,11,15,64,3,4,2,4,3,4,3,2,4,4,1,2,4,4,2,2,3,3,2,2,4,1,3,4,3,3,2,4,2,3,4,27,18,12,6,12,8,8,91,0,0,0,0,0,0,0,1,0,"Some other race, ethnicity, or origin",0,1,0,0,0,0,male,NA,straight,NA,0,1,0,0,1,0,0,0,0,0,1,1,0,0,1,Cold War,1,1,0,1,3,0,1,0,0,0,0,1,0,0,0,0,Navy,Service Completed,0,0,0,0,0,1,6,"(64.5,74.5]",Some college,Retired,Divorced,11,38,0,0,68
5,5,5,4,2,5,2,5,5,5,2,5,5,5,4,5,5,5,5,5,5,30,19,11,15,19,94,2,4,3,4,2,4,4,1,4,4,1,1,4,4,4,4,3,3,4,3,4,3,2,3,2,4,1,3,4,4,4,28,16,11,9,10,16,7,97,0,0,0,0,0,0,1,0,0,White,0,0,0,0,1,0,male,NA,straight,NA,0,1,0,0,1,0,0,0,0,0,1,0,1,0,1,Cold War,0,0,0,0,0,1,0,0,1,0,0,0,0,0,0,0,Army,Service Completed,0,0,0,0,0,0,0,"(54.5,64.5]",Bachelors degree,Retired,Married,9,30,0,1,58
2,2,2,2,4,4,2,4,2,3,2,4,3,4,2,2,2,2,4,4,4,15,13,6,10,16,60,3,3,3,3,3,3,3,3,3,3,3,3,3,3,2,2,3,3,2,3,3,3,2,2,3,3,3,3,2,3,3,21,21,9,9,10,8,9,87,0,0,0,0,0,0,1,0,0,White,0,1,0,0,0,0,male,NA,straight,NA,0,1,0,0,1,0,0,0,0,0,1,0,1,0,1,Cold War,1,0,0,0,1,0,1,0,1,0,0,0,0,0,0,0,Army,Voluntary Discharge,0,0,0,1,0.7,1,2,"(54.5,64.5]",Some college,Retired,Divorced,6,33,0,0,58
4,3,4,4,3,4,3,4,4,4,3,3,3,4,3,4,3,3,4,4,3,24,15,9,9,17,74,3,3,3,3,2,2,3,2,3,3,2,3,3,3,3,3,3,3,3,3,3,3,2,2,2,3,3,2,3,3,3,21,20,7,9,9,12,7,85,0,0,0,0,0,0,1,0,0,White,0,1,0,0,0,0,male,NA,straight,NA,0,1,0,0,1,0,0,0,0,0,0,0,0,1,0,Post-9/11,0,0,0,0,0,1,0,1,0,0,0,0,0,0,0,0,Air Force,Service Completed,0,0,0,0,0,1,0,"(18,34.5]",Bachelors degree,Full Time,Married,5,10,0,0,31
1,1,1,2,3,2,2,5,2,4,2,2,4,1,2,1,2,3,2,4,1,10,15,5,5,12,47,2,2,1,2,2,2,3,3,2,2,3,3,2,2,3,3,2,3,3,3,3,2,3,3,2,2,3,2,3,2,3,16,17,6,6,11,12,8,76,0,0,0,0,0,0,1,0,0,White,0,1,0,0,0,0,female,NA,straight,NA,1,0,0,0,1,0,0,0,0,0,0,0,0,1,0,Post-9/11,1,1,0,0,2,0,1,0,1,0,0,0,0,0,0,0,Army,Service Completed,0,0,0,1,0.8,1,1,"(34.5,44.5]",Masters degree,Irregular,Never married,9,12,1,1,42
5,5,5,3,3,3,3,5,5,5,3,5,3,5,2,5,3,2,5,4,5,30,15,10,13,16,84,4,4,2,4,3,4,4,2,4,4,3,3,4,4,2,4,4,3,4,3,4,3,3,3,2,3,2,3,3,3,4,28,21,11,8,11,13,10,102,0,0,0,1,0,0,0,0,0,"Hispanic, Latino, or Spanish origin",0,1,0,0,0,0,male,NA,straight,NA,0,1,0,0,1,0,0,0,0,0,1,0,1,0,1,Cold War,1,1,1,1,4,0,1,0,0,0,0,1,0,0,0,0,Navy,Service Completed,0,0,0,0,0,1,5,"(54.5,64.5]",Bachelors degree,Full Time,Married,8,29,0,0,57
2,3,3,2,4,2,3,3,3,5,3,4,5,4,5,4,1,4,1,5,2,21,15,11,7,14,68,3,4,3,3,3,2,4,1,4,2,3,3,3,4,3,3,3,2,3,2,3,1,1,1,3,3,3,3,3,3,3,25,20,7,6,6,12,9,85,0,0,1,0,0,0,0,0,0,Black or African American,0,1,0,0,0,0,male,NA,straight,NA,0,1,0,0,1,0,0,0,0,0,0,0,1,1,1,Persian Gulf: Pre-9/11,0,1,0,0,1,0,1,0,1,0,0,0,0,0,0,0,Army,Other,1,0,1,0,0,1,1,"(54.5,64.5]",Some college,Full Time,Married,9,18,0,1,55
4,2,4,1,4,4,2,2,4,2,2,4,3,4,2,4,4,3,5,4,3,22,10,6,11,18,67,2,4,3,3,4,3,4,3,4,3,3,2,4,4,3,3,3,3,3,3,3,2,4,2,3,3,3,3,3,4,4,27,20,9,8,12,12,10,98,0,1,0,0,0,0,0,0,0,American Indian or Alaska Native,0,1,0,0,0,0,male,NA,straight,NA,0,1,0,0,1,0,0,0,0,0,1,0,1,0,1,Cold War,0,0,0,0,0,1,0,1,0,0,0,0,0,0,0,0,Air Force,Voluntary Discharge,0,0,0,0,0,1,0,"(44.5,54.5]",Associates degree,Full Time,Married,8,26,0,0,54
5,5,5,3,5,5,2,5,5,4,1,3,2,1,4,1,1,5,5,3,5,21,13,11,9,21,75,1,4,4,4,4,4,4,1,4,4,1,1,4,4,2,4,2,3,4,1,4,2,3,4,1,3,2,3,1,4,4,28,12,11,9,11,11,9,91,0,0,1,0,0,0,0,0,0,Black or African American,1,0,0,0,0,0,male,NA,straight,NA,0,1,0,0,1,0,0,0,0,0,0,0,1,1,1,Persian Gulf: Pre-9/11,0,1,0,0,1,0,1,0,1,0,0,0,0,0,0,0,Army,Service Completed,0,0,0,0,0,1,2,"(34.5,44.5]",High school diploma or equivalent,Unemployed,Never married,5,20,0,0,44
5,5,5,4,4,5,2,5,5,4,2,5,5,5,2,5,2,4,5,5,2,29,19,9,9,20,86,2,4,2,3,2,3,3,2,4,4,4,2,4,4,3,3,3,4,3,3,4,2,3,3,3,4,3,2,3,3,3,25,19,9,8,12,12,10,95,0,0,0,0,0,0,1,0,0,White,0,1,0,0,0,0,male,NA,straight,NA,0,1,0,0,1,0,0,0,0,0,1,1,0,0,1,Cold War,0,1,1,0,2,0,1,0,0,0,0,1,0,0,0,0,Navy,Service Completed,0,0,0,1,0.8,1,10,"(74.5,100]",High school diploma or equivalent,Retired,Married,22,34,0,1,78
2,3,2,2,3,2,5,3,4,3,4,4,3,3,5,2,2,4,2,2,2,16,10,13,8,15,62,3,4,3,2,1,3,2,2,4,3,3,2,4,4,2,4,3,3,3,3,3,2,1,2,3,3,3,2,3,3,2,22,20,8,8,8,12,7,85,0,0,0,0,0,0,1,0,0,White,0,1,0,0,0,0,male,NA,straight,NA,0,1,0,0,1,0,0,0,0,0,0,0,0,1,0,Post-9/11,1,0,1,0,2,0,1,0,1,0,0,0,0,0,0,0,Army,Voluntary Discharge,0,0,0,1,0.8,1,1,"(34.5,44.5]",Bachelors degree,Full Time,Married,8,10,0,1,40
4,2,4,1,2,3,2,5,4,5,1,3,5,5,3,2,4,2,3,4,3,24,15,7,10,11,67,2,3,1,2,2,4,1,1,3,2,2,3,3,3,2,2,3,3,4,3,3,2,2,3,2,2,4,4,2,3,3,18,20,10,6,8,10,7,79,0,0,0,0,0,0,1,0,0,White,1,0,0,0,0,0,male,NA,straight,NA,0,1,0,0,1,0,0,0,0,0,0,0,0,1,0,Post-9/11,0,0,0,0,0,1,0,0,0,0,1,0,0,0,0,0,Marines,Medical Discharge,0,1,1,1,0.1,1,0,"(34.5,44.5]",Some college,Unemployed,Never married,2,14,0,0,35
4,3,4,2,2,3,2,4,5,5,2,3,4,5,3,4,2,2,3,4,2,27,14,8,7,12,68,2,3,2,3,2,3,3,3,3,3,3,3,3,3,2,3,3,3,2,3,3,3,3,3,2,3,3,3,2,3,3,21,19,9,8,12,9,8,86,0,0,0,0,0,0,1,0,0,White,1,0,0,0,0,0,male,NA,straight,NA,0,1,0,0,1,0,0,0,0,0,1,1,0,0,1,Cold War,1,0,0,0,1,0,1,0,0,0,1,0,0,0,0,0,Marines,Service Completed,0,0,0,0,0,1,2,"(64.5,74.5]",Bachelors degree,Retired,Married,4,50,0,1,70
3,1,5,1,3,2,2,2,4,4,1,2,4,4,1,4,1,2,4,3,3,24,10,4,6,12,56,3,4,4,4,4,4,4,3,4,4,4,4,4,4,2,2,3,4,2,4,4,4,3,3,3,4,4,3,2,3,3,27,24,11,12,13,8,12,107,0,0,0,0,0,0,1,0,0,White,0,1,0,0,0,0,male,NA,straight,NA,0,1,0,0,1,0,0,0,0,0,0,0,1,0,0,Persian Gulf: Pre-9/11,1,0,1,1,3,0,1,0,0,0,1,0,0,0,0,0,Marines,Medical Discharge,0,1,1,1,0.2,1,2,"(44.5,54.5]",Some college,Full Time,Married,4.5,25,0,0,49
3,3,4,3,3,3,2,4,4,4,3,5,4,4,4,5,4,3,5,4,5,24,15,9,14,17,79,3,4,3,3,3,3,4,4,4,3,1,3,4,4,3,3,3,3,2,3,4,3,4,3,3,4,3,3,2,4,4,27,22,9,9,15,10,8,100,0,0,0,0,0,0,1,0,0,White,1,0,0,0,0,0,male,NA,straight,NA,0,1,0,0,1,0,0,0,0,0,1,0,0,0,0,Cold War,0,0,0,0,0,1,0,0,0,0,1,0,0,0,0,0,Marines,Voluntary Discharge,0,0,0,0,0,1,0,"(54.5,64.5]",High school diploma or equivalent,Full Time,Married,4,35,0,0,57
5,2,5,2,4,4,2,4,5,5,2,5,4,4,2,2,2,2,5,4,5,26,14,6,12,17,75,3,4,2,4,2,3,4,2,3,4,3,2,4,4,2,2,3,3,3,3,4,3,3,3,2,4,2,4,2,3,4,27,18,11,8,12,9,9,94,0,0,1,0,0,0,0,0,0,Black or African American,0,1,0,0,0,0,male,NA,straight,NA,0,1,0,0,1,0,0,0,0,0,1,0,1,0,1,Cold War,0,1,0,0,1,0,1,0,1,0,0,0,0,0,0,0,Army,Voluntary Discharge,0,0,0,0,0,1,1,"(54.5,64.5]",Some college,Full Time,Divorced,8,29,0,0,56
1,1,3,1,4,2,1,5,4,4,2,5,4,2,2,4,1,3,4,3,4,18,13,4,10,15,60,4,4,4,4,4,4,4,4,4,4,4,4,4,4,3,3,4,4,4,4,4,4,4,4,4,4,4,4,4,4,4,28,28,12,12,16,14,12,122,0,0,1,0,0,0,0,0,0,Black or African American,0,1,0,0,0,0,male,NA,gay,NA,0,1,0,0,0,1,0,0,0,0,0,0,0,1,0,Post-9/11,1,0,1,0,2,0,1,0,1,0,0,0,0,0,0,0,Army,Voluntary Discharge,0,0,0,1,0.9,1,4,"(34.5,44.5]",Associates degree,Full Time,Divorced,11,10,1,1,39
5,5,5,4,4,2,3,4,5,5,2,5,5,5,3,5,2,3,4,5,5,30,18,11,12,15,86,3,3,2,3,3,3,4,2,4,4,3,2,4,4,3,3,3,3,3,2,3,2,3,3,2,3,2,3,3,3,3,25,17,10,7,11,12,9,91,0,0,0,0,0,0,1,0,0,White,0,1,0,0,0,0,male,NA,straight,NA,0,1,0,0,1,0,0,0,0,0,0,0,1,0,0,Persian Gulf: Pre-9/11,0,1,0,1,2,0,1,0,1,0,0,0,0,0,0,0,Army,Service Completed,0,0,0,0,0,1,1,"(54.5,64.5]",Masters degree,Full Time,Married,4,26,0,1,55
5,5,4,2,4,2,1,5,4,4,2,5,4,4,4,4,5,2,5,4,5,25,15,10,15,15,80,2,4,3,4,3,4,4,3,4,3,4,4,4,4,3,3,2,4,3,4,4,4,4,4,3,4,3,3,4,4,4,28,22,10,11,15,13,11,110,0,0,0,0,0,0,1,0,0,White,0,1,0,0,0,0,male,NA,straight,NA,0,1,0,0,1,0,0,0,0,0,0,0,0,1,0,Post-9/11,1,0,0,0,1,0,1,1,0,0,0,0,0,0,0,0,Air Force,Service Completed,0,0,0,1,0.2,1,1,"(34.5,44.5]",Bachelors degree,Full Time,Married,6,10,1,1,36
5,4,5,4,4,4,2,4,4,5,4,5,4,5,2,5,2,4,3,4,4,29,16,8,11,19,83,2,4,2,3,2,3,4,2,4,3,2,2,3,4,3,3,3,3,3,3,3,2,2,2,2,2,2,3,3,3,3,25,17,9,7,8,12,7,85,0,0,0,0,0,0,1,0,0,White,0,1,0,0,0,0,male,NA,straight,NA,0,1,0,0,1,0,0,0,0,0,1,0,1,0,1,Cold War,0,0,0,0,0,1,0,0,0,0,0,1,0,0,0,0,Navy,Medical Discharge,0,1,1,1,0.7,1,0,"(44.5,54.5]",Bachelors degree,Full Time,Married,5,29,0,0,54
4,3,5,2,3,5,5,5,4,4,4,2,1,3,5,4,3,3,3,2,3,24,10,13,8,18,73,1,3,1,1,2,4,3,2,3,3,1,2,3,3,2,3,2,3,2,2,3,2,3,3,2,3,1,1,3,3,4,20,13,8,6,11,10,6,74,0,0,0,0,0,0,1,0,0,White,1,0,0,0,0,0,male,NA,straight,NA,0,1,0,0,1,0,0,0,0,0,1,0,1,0,1,Cold War,0,0,0,0,0,1,0,1,0,0,0,0,0,0,0,0,Air Force,Other,1,0,1,0,0,1,0,"(44.5,54.5]",High school diploma or equivalent,Full Time,Widowed,4,30,0,0,52
5,5,5,5,5,5,3,5,5,5,4,5,5,5,5,5,5,3,5,5,5,30,20,13,15,22,100,4,4,2,4,2,4,4,3,4,4,3,2,4,4,4,4,4,3,4,2,4,2,4,3,1,4,3,3,4,4,4,28,20,11,7,14,16,9,105,0,0,0,0,0,0,1,0,0,White,0,1,0,0,0,0,male,NA,straight,NA,0,1,0,0,1,0,0,0,0,0,0,0,1,0,0,Persian Gulf: Pre-9/11,0,1,0,0,1,0,1,0,1,0,0,0,0,0,0,0,Army,Service Completed,0,0,0,0,0,1,1,"(44.5,54.5]",Some college,Full Time,Married,6,23,0,0,48
1,1,3,3,3,1,1,4,3,2,3,3,4,3,1,2,1,3,1,5,1,14,16,3,5,11,49,3,3,1,2,3,1,1,1,1,1,2,2,1,1,3,2,2,3,2,2,3,3,2,2,3,3,2,1,2,1,2,11,15,3,7,8,9,8,61,0,0,0,1,0,0,0,0,0,"Hispanic, Latino, or Spanish origin",0,1,0,0,0,0,female,NA,bisexual,NA,1,0,0,0,0,0,1,0,0,0,0,0,0,1,0,Post-9/11,0,1,0,0,1,0,1,0,1,0,0,0,0,0,0,0,Army,Voluntary Discharge,0,0,0,0,0,1,1,"(18,34.5]",Some college,Unemployed,Married,4,2,1,1,24
3,2,3,1,3,2,1,5,5,3,2,5,5,5,1,3,1,3,5,4,3,22,15,4,9,15,65,4,4,4,3,4,4,4,2,4,4,3,3,4,4,2,2,4,3,2,3,4,3,4,4,4,4,4,4,3,4,4,27,26,12,10,14,9,11,109,0,0,0,0,0,0,1,0,0,White,0,1,0,0,0,0,male,NA,straight,NA,0,1,0,0,1,0,0,0,0,0,1,0,1,0,1,Cold War,1,1,1,0,3,0,1,0,1,0,0,0,0,0,0,0,Army,Service Completed,0,0,0,1,0.1,1,1,"(54.5,64.5]",High school diploma or equivalent,Retired,Married,8,33,0,0,55
4,1,3,2,1,2,3,5,5,4,1,2,2,3,2,2,1,2,3,4,2,21,13,6,5,9,54,2,1,2,1,1,2,3,1,3,4,1,2,3,2,1,1,3,2,1,3,3,1,1,1,2,1,3,1,1,3,4,17,18,7,5,4,4,5,60,0,0,0,0,0,0,1,0,0,White,0,1,0,0,0,0,male,NA,bisexual,NA,0,1,0,0,0,0,1,0,0,0,0,0,0,1,0,Post-9/11,0,1,0,0,1,0,1,1,0,0,0,0,0,0,0,0,Air Force,Voluntary Discharge,0,0,0,0,0,1,1,"(18,34.5]",Some college,Multiple,Never married,8,7,0,1,34
3,5,4,2,5,2,1,5,4,2,2,5,5,4,2,4,4,4,2,5,5,21,17,8,14,15,75,1,4,2,4,1,4,4,2,4,1,1,2,3,4,3,4,3,4,4,3,4,4,3,3,2,2,1,4,3,1,3,26,13,9,10,10,14,6,88,0,0,0,0,0,0,1,0,0,White,0,1,0,0,0,0,male,NA,straight,NA,0,1,0,0,1,0,0,0,0,0,0,0,0,1,0,Post-9/11,0,1,0,0,1,0,1,0,0,0,0,1,0,0,0,0,Navy,Medical Discharge,0,1,1,0,0,1,1,"(18,34.5]",Bachelors degree,Full Time,Married,5,7,0,1,31
3,3,2,2,4,3,3,4,2,3,2,2,2,4,1,2,1,3,1,2,2,16,10,7,5,13,51,3,3,4,3,2,3,3,2,3,3,4,4,3,3,2,1,2,4,2,4,3,4,3,3,3,3,4,3,2,4,3,21,24,9,12,11,7,9,93,0,0,1,0,0,0,0,0,0,Black or African American,1,0,0,0,0,0,female,NA,straight,NA,1,0,0,0,1,0,0,0,0,0,0,0,0,1,0,Post-9/11,0,0,0,0,0,1,0,0,1,0,0,0,0,0,0,0,Army,Voluntary Discharge,0,0,0,0,0,1,0,"(34.5,44.5]",Some college,Unemployed,Married,2,18,1,0,43
5,5,4,3,4,5,2,4,5,4,2,5,5,5,4,5,2,4,5,4,5,28,16,11,12,20,87,2,3,2,3,2,3,4,2,4,4,3,2,3,3,3,4,3,2,3,2,3,2,2,2,2,2,2,3,3,2,3,23,15,10,6,8,13,8,83,0,0,0,0,0,0,1,0,0,White,1,0,0,0,0,0,male,NA,straight,NA,0,1,0,0,1,0,0,0,0,0,1,1,0,0,1,Cold War,0,0,0,0,0,1,0,0,0,0,0,1,0,0,0,0,Navy,Service Completed,0,0,0,0,0,1,0,"(64.5,74.5]",Masters degree,Retired,Married,6,45,0,0,71
4,1,1,1,1,5,5,3,5,4,3,2,3,5,5,1,5,2,2,3,2,20,10,11,9,13,63,1,3,1,3,1,1,3,1,3,4,1,1,3,3,4,4,1,3,4,1,2,1,1,1,1,1,1,2,4,2,3,21,8,7,5,4,16,4,65,0,0,0,0,0,0,1,0,0,White,1,0,0,0,0,0,female,NA,other,Asexual,1,0,0,0,0,0,0,1,0,0,0,0,0,1,0,Post-9/11,0,1,0,0,1,0,1,0,0,0,0,1,0,0,0,0,Navy,Voluntary Discharge,0,0,0,0,0,1,9,"(34.5,44.5]",Some college,Unemployed,Never married,4,13,0,1,36
5,5,1,5,3,3,3,4,3,4,4,5,5,4,3,3,4,3,5,3,5,20,17,11,14,18,80,2,4,1,1,1,3,4,3,4,4,2,2,4,4,4,4,4,2,4,4,4,2,4,4,4,3,3,3,2,2,4,25,21,10,5,14,14,7,96,0,0,0,0,0,0,1,0,0,White,0,1,0,0,0,0,female,NA,straight,NA,1,0,0,0,1,0,0,0,0,0,1,0,0,1,1,Cold War,0,0,0,1,1,0,1,0,0,0,0,1,0,0,0,0,Navy,Service Completed,0,0,0,1,0.3,1,1,"(54.5,64.5]",Masters degree,Full Time,Married,20,15,0,0,64
1,1,1,1,4,4,3,3,1,3,4,4,1,2,4,1,4,5,4,1,4,9,6,8,12,21,56,2,2,2,2,1,2,3,1,4,3,2,1,2,2,3,3,2,2,3,2,2,2,1,1,1,1,1,2,3,2,2,17,11,7,6,4,12,5,62,0,0,0,0,0,0,1,0,0,White,0,1,0,0,0,0,male,NA,straight,NA,0,1,0,0,1,0,0,0,0,0,0,0,1,0,0,Persian Gulf: Pre-9/11,0,0,1,0,1,0,1,0,1,0,0,0,0,0,0,0,Army,Service Completed,0,0,0,0,0,1,0,"(44.5,54.5]",Associates degree,Unemployed,Never married,3,30,0,0,53
3,3,4,4,3,3,2,4,2,3,1,3,2,2,3,1,3,3,2,3,4,15,13,8,10,12,58,2,3,2,3,3,3,3,3,3,3,3,2,3,3,3,3,3,3,3,3,3,3,3,2,3,2,2,3,3,3,3,21,18,9,8,10,12,9,87,1,0,0,0,0,0,0,0,0,Asian,0,1,0,0,0,0,male,NA,straight,NA,0,1,0,0,1,0,0,0,0,0,0,0,0,1,0,Post-9/11,1,1,1,0,3,0,1,0,1,0,0,0,0,0,0,0,Army,Other,1,0,1,1,0.1,1,3,"(34.5,44.5]",Some college,Full Time,Married,10,11,0,0,42
5,4,5,1,4,5,3,5,5,5,3,5,5,5,4,4,3,4,5,5,5,29,16,11,13,21,90,1,3,1,3,4,4,4,4,3,3,3,2,4,4,3,3,3,3,3,3,3,3,2,2,1,1,1,3,3,3,3,24,14,10,7,9,12,10,86,0,0,0,0,0,0,1,0,0,White,0,1,0,0,0,0,female,NA,straight,NA,1,0,0,0,1,0,0,0,0,0,1,0,1,0,1,Cold War,0,0,0,0,0,1,0,0,1,0,0,0,0,0,0,0,Army,Medical Discharge,0,1,1,0,0,1,0,"(44.5,54.5]",Bachelors degree,Full Time,Widowed,8,27,0,0,54
5,2,4,2,2,5,2,3,5,5,2,5,5,4,2,3,2,4,2,4,3,26,14,6,10,15,71,1,4,1,1,3,2,3,2,3,2,1,2,3,3,3,3,3,3,3,2,3,2,2,2,3,2,3,2,2,3,3,20,17,6,6,8,11,7,75,0,0,1,0,0,0,0,0,0,Black or African American,0,1,0,0,0,0,female,NA,straight,NA,1,0,0,0,1,0,0,0,0,0,1,0,1,0,1,Cold War,0,1,0,0,1,0,1,0,0,0,0,1,0,0,0,0,Navy,Service Completed,0,0,0,0,0,1,2,"(54.5,64.5]",Associates degree,Part Time,Divorced,4,32,0,0,55
5,5,5,5,4,5,2,4,5,5,4,5,5,5,5,5,2,4,4,5,5,30,19,12,12,21,94,2,4,3,4,3,3,4,2,4,4,3,2,4,4,3,3,3,3,3,2,4,3,3,3,3,2,3,3,3,3,3,27,18,10,9,10,12,10,96,0,0,0,0,0,0,1,0,0,White,0,1,0,0,0,0,female,NA,straight,NA,1,0,0,0,1,0,0,0,0,0,1,0,1,0,1,Cold War,0,0,0,0,0,1,0,0,0,0,0,1,0,0,0,0,Navy,Service Completed,0,0,0,0,0,1,0,"(44.5,54.5]",High school diploma or equivalent,Full Time,Married,6,28,0,0,54
5,5,3,3,3,5,3,5,4,4,2,5,5,5,4,4,4,3,3,5,3,25,18,12,12,16,83,3,3,2,2,2,3,3,3,3,2,3,3,3,3,3,3,3,2,3,2,3,2,2,2,2,2,2,2,3,2,3,20,17,7,6,9,12,8,79,0,0,0,0,0,0,1,0,0,White,0,1,0,0,0,0,female,NA,straight,NA,1,0,0,0,1,0,0,0,0,0,0,0,1,0,0,Persian Gulf: Pre-9/11,0,0,0,0,0,1,0,1,0,0,0,0,0,0,0,0,Air Force,Service Completed,0,0,0,1,0.7,1,0,"(44.5,54.5]",Masters degree,Full Time,Married,4,24,0,0,50
2,4,5,1,5,3,1,4,4,5,4,5,5,2,1,2,1,3,2,5,1,20,15,6,7,17,65,2,2,1,4,3,1,4,3,3,3,4,2,2,3,1,2,2,4,3,3,4,4,4,4,4,3,2,2,2,2,3,21,17,6,9,14,8,11,86,0,0,1,0,0,0,0,0,0,Black or African American,0,1,0,0,0,0,female,NA,bisexual,NA,1,0,0,0,0,0,1,0,0,0,0,0,0,1,0,Post-9/11,0,1,0,0,1,0,1,0,0,0,0,1,0,0,0,0,Navy,Other,1,0,1,1,0.1,1,4,"(18,34.5]",Associates degree,Part Time,Never married,3,7,1,1,28
5,5,4,3,3,3,3,4,3,3,3,3,3,3,3,4,3,2,5,4,5,22,14,11,11,16,74,2,4,3,3,3,3,4,2,4,4,2,3,4,4,3,3,3,2,3,3,3,2,4,3,2,3,2,3,3,3,4,27,18,10,7,12,12,8,94,0,0,0,0,0,0,1,0,0,White,1,0,0,0,0,0,female,NA,straight,NA,1,0,0,0,1,0,0,0,0,0,1,0,0,0,0,Cold War,0,0,0,0,0,1,0,0,0,0,0,1,0,0,0,0,Navy,Service Completed,0,0,0,0,0,1,0,"(54.5,64.5]",Associates degree,Retired,Widowed,2,41,0,0,62
3,2,2,2,3,4,2,4,3,2,2,5,5,3,3,2,2,3,5,4,5,15,15,7,12,17,66,2,4,3,4,3,4,4,2,4,4,4,4,4,4,2,3,3,4,3,3,3,3,3,3,4,2,2,4,3,3,3,27,21,12,10,10,11,10,101,0,0,0,1,0,0,0,0,0,"Hispanic, Latino, or Spanish origin",0,1,0,0,0,0,female,NA,straight,NA,1,0,0,0,1,0,0,0,0,0,0,0,0,1,0,Post-9/11,0,1,0,1,2,0,1,0,0,0,0,1,0,0,0,0,Navy,Voluntary Discharge,0,0,0,0,0,1,3,"(34.5,44.5]",Associates degree,Full Time,Divorced,8,10,0,1,37
3,5,1,2,4,2,1,5,5,4,4,4,2,4,2,1,1,4,1,4,2,18,13,8,7,15,61,2,3,3,3,3,3,3,2,4,3,3,2,3,4,3,3,3,3,3,3,3,1,3,3,2,2,3,3,3,3,3,23,18,9,7,10,12,9,88,0,0,1,0,0,0,0,0,0,Black or African American,0,1,0,0,0,0,female,NA,straight,NA,1,0,0,0,1,0,0,0,0,0,1,0,0,0,0,Cold War,0,1,0,0,1,0,1,1,0,0,0,0,0,0,0,0,Air Force,Voluntary Discharge,0,0,0,0,0,1,3,"(54.5,64.5]",Some college,Retired,Never married,4,34,1,1,59
5,4,4,2,4,4,3,4,4,3,4,5,5,5,3,3,3,4,5,2,4,24,13,10,12,21,80,3,3,2,3,2,3,4,4,4,3,2,3,4,4,3,3,3,3,3,3,3,2,4,4,2,3,2,3,3,4,4,26,20,9,7,15,12,7,96,0,0,0,0,0,0,1,0,0,White,0,1,0,0,0,0,female,NA,straight,NA,1,0,0,0,1,0,0,0,0,0,1,1,0,0,1,Cold War,0,0,0,0,0,1,0,0,1,0,0,0,0,0,0,0,Army,Other,1,0,1,1,0.1,1,0,"(64.5,74.5]",Some college,Unemployed,Widowed,2,46,1,1,66
3,3,4,2,4,2,1,3,2,2,3,4,5,2,2,2,2,2,4,3,2,15,13,6,8,15,57,2,4,1,3,2,3,4,4,4,3,2,4,4,4,2,3,3,4,3,4,4,4,3,3,3,4,3,3,3,3,3,26,22,9,9,14,11,8,99,0,0,0,0,0,0,1,0,0,White,0,1,0,0,0,0,female,NA,bisexual,NA,1,0,0,0,0,0,1,0,0,0,0,0,0,1,0,Post-9/11,1,0,0,0,1,0,1,0,1,0,0,0,0,0,0,0,Army,Voluntary Discharge,0,0,0,1,0.6,1,1,"(34.5,44.5]",Masters degree,Full Time,Divorced,6,10,0,1,35
3,3,5,1,4,3,3,3,4,3,3,3,5,5,1,4,2,3,1,4,2,24,13,7,7,14,65,4,4,3,4,3,4,3,4,4,3,4,3,4,4,3,3,4,4,4,4,4,2,3,3,3,4,4,3,4,4,4,27,26,10,9,14,14,11,111,0,0,1,0,0,0,0,0,0,Black or African American,0,1,0,0,0,0,female,NA,gay,NA,1,0,0,0,0,1,0,0,0,0,0,0,0,1,0,Post-9/11,0,0,1,0,1,0,1,0,1,0,0,0,0,0,0,0,Army,Not yet discharged,0,0,0,0,0,1,0,"(18,34.5]",High school diploma or equivalent,Unemployed,Never married,5,0,0,1,23
5,3,5,1,5,2,2,5,5,5,4,3,5,5,2,4,3,2,4,4,2,29,15,7,8,17,76,2,4,1,3,1,2,3,2,4,2,1,2,3,3,3,3,3,2,3,2,3,2,2,2,1,2,1,2,3,3,3,23,14,6,5,8,12,5,73,1,0,1,0,0,0,0,0,1,Multiple,0,1,0,0,0,0,female,NA,straight,NA,1,0,0,0,1,0,0,0,0,0,0,0,0,1,0,Post-9/11,0,0,0,0,0,1,0,0,1,0,0,0,0,0,0,0,Army,Service Completed,0,0,0,1,0.1,1,0,"(34.5,44.5]",Some college,Student,Married,6,1,0,1,37
5,5,5,5,3,5,5,1,4,3,5,5,3,4,2,5,1,2,5,4,5,26,13,12,11,20,82,2,4,1,3,3,4,4,2,4,4,1,1,4,4,1,1,3,1,2,2,3,1,2,2,1,3,1,2,2,2,2,25,12,10,3,9,6,7,72,0,0,0,0,0,0,1,0,0,White,0,1,0,0,0,0,male,NA,straight,NA,0,1,0,0,1,0,0,0,0,0,1,1,0,0,1,Cold War,1,0,0,0,1,0,1,0,0,0,0,1,0,0,0,0,Navy,Service Completed,0,0,0,0,0,1,1,"(74.5,100]",Associates degree,Retired,Married,6,55,0,0,76
3,3,4,4,3,2,3,4,4,3,3,2,3,3,4,3,3,3,3,3,3,20,14,10,8,14,66,3,3,3,3,2,2,2,3,4,4,2,3,3,3,3,2,3,3,3,2,3,3,3,2,3,3,3,2,3,2,2,20,19,8,9,11,11,7,85,0,0,0,0,0,0,1,0,0,White,0,1,0,0,0,0,male,NA,straight,NA,0,1,0,0,1,0,0,0,0,0,0,0,0,1,0,Post-9/11,0,1,0,0,1,0,1,0,1,0,0,0,0,0,0,0,Army,Service Completed,0,0,0,0,0,1,2,"(34.5,44.5]",Some college,Full Time,Never married,10,12,0,0,38
5,5,5,1,5,5,1,2,4,5,2,5,5,5,5,3,2,5,5,5,3,27,13,11,10,22,83,1,3,1,2,1,4,1,1,4,4,1,1,1,2,4,4,4,1,4,4,1,1,1,1,1,2,1,1,4,3,4,17,15,9,3,5,16,3,68,0,0,0,0,0,0,1,0,0,White,1,0,0,0,0,0,male,NA,straight,NA,0,1,0,0,1,0,0,0,0,0,1,1,0,0,1,Cold War,0,1,0,0,1,0,1,0,1,0,0,0,0,0,0,0,Army,Service Completed,0,0,0,0,0,1,1,"(74.5,100]",Bachelors degree,Retired,Never married,4,56,0,0,80
5,3,5,3,4,5,2,3,5,5,4,5,4,5,3,3,5,3,5,3,5,28,13,8,15,21,85,2,4,2,4,3,3,4,2,4,3,3,3,4,4,3,3,3,4,3,3,2,2,3,3,1,3,3,3,3,3,4,28,18,9,8,11,12,8,94,0,0,0,0,0,0,1,0,0,White,0,1,0,0,0,0,male,NA,straight,NA,0,1,0,0,1,0,0,0,0,0,1,1,0,0,1,Cold War,0,1,0,0,1,0,1,0,0,0,0,1,0,0,0,0,Navy,Service Completed,0,0,0,0,0,1,5,"(64.5,74.5]",Some college,Retired,Married,4,45,0,0,67
3,2,5,1,5,2,1,3,3,4,3,5,5,5,2,5,1,2,4,4,5,25,13,5,11,16,70,2,4,4,4,1,4,4,4,4,4,4,4,4,4,2,2,4,4,3,4,4,4,4,4,2,4,3,4,3,4,4,28,23,12,12,16,10,9,110,0,0,0,0,0,0,1,0,0,White,0,1,0,0,0,0,female,NA,straight,NA,1,0,0,0,1,0,0,0,0,0,0,0,1,1,1,Persian Gulf: Pre-9/11,0,1,0,0,1,0,1,0,0,0,0,1,0,0,0,0,Navy,Service Completed,0,0,0,1,0.3,1,1,"(44.5,54.5]",Masters degree,Retired,Married,6,19,0,1,53
3,2,5,3,3,5,2,4,5,3,2,5,4,5,3,5,2,3,5,5,5,26,16,7,12,18,79,2,4,1,3,2,4,3,2,4,4,3,2,4,4,3,3,2,2,3,2,3,2,2,2,3,2,3,3,3,2,3,25,16,11,5,8,12,8,85,0,0,1,0,0,0,0,0,0,Black or African American,0,1,0,0,0,0,male,NA,straight,NA,0,1,0,0,1,0,0,0,0,0,1,1,0,0,1,Cold War,0,1,0,0,1,0,1,0,1,0,0,0,0,0,0,0,Army,Service Completed,0,0,0,0,0,1,1,"(74.5,100]",Some college,Retired,Married,6,55,0,0,77
5,1,5,1,5,4,1,5,5,4,1,5,5,4,2,2,1,3,5,2,3,25,13,4,9,18,69,3,3,4,4,4,4,4,2,4,3,3,3,3,4,3,3,3,4,3,3,3,3,2,3,3,4,4,4,3,3,4,26,22,11,11,11,12,10,103,0,0,0,0,0,0,1,0,0,White,0,1,0,0,0,0,male,NA,straight,NA,0,1,0,0,1,0,0,0,0,0,1,0,1,0,1,Cold War,0,0,0,0,0,1,0,0,1,0,0,0,0,0,0,0,Army,Service Completed,0,0,0,0,0,1,0,"(54.5,64.5]",High school diploma or equivalent,Retired,Never married,5,33,0,1,58
5,5,5,5,4,5,1,3,5,5,5,5,5,5,3,5,2,3,3,5,5,30,18,9,12,20,89,1,4,1,4,2,3,4,4,4,4,1,2,4,4,2,2,4,2,3,2,3,1,4,1,2,4,2,2,2,3,3,27,16,9,4,13,9,6,84,0,0,0,0,0,0,1,0,0,White,0,1,0,0,0,0,female,NA,straight,NA,1,0,0,0,1,0,0,0,0,0,1,1,0,0,1,Cold War,0,0,0,0,0,1,0,0,1,0,0,0,0,0,0,0,Army,Voluntary Discharge,0,0,0,0,0,1,0,"(64.5,74.5]",Bachelors degree,Retired,Married,3.5,49,0,0,70
5,4,2,2,2,2,3,5,3,4,2,5,5,4,3,4,2,2,5,5,2,22,17,10,9,13,71,2,4,3,4,4,4,3,2,4,4,3,2,4,4,2,3,2,3,3,3,4,3,3,3,3,3,2,4,2,3,3,26,17,12,9,11,10,11,96,0,0,0,0,0,0,1,0,0,White,0,0,0,0,0,1,male,NA,gay,NA,0,1,0,0,0,1,0,0,0,0,1,0,0,0,0,Cold War,1,1,1,1,4,0,1,0,0,0,0,1,0,0,0,0,Navy,Other,1,0,1,0,0,0,9,"(74.5,100]",Bachelors degree,Retired,Married,27,39,0,1,84
5,4,4,3,4,4,4,3,3,2,2,5,3,4,2,4,2,3,4,3,4,22,12,10,11,17,72,3,4,4,3,2,3,4,2,4,4,3,3,4,3,3,3,3,3,3,3,3,3,2,2,3,3,3,3,3,3,3,25,21,10,10,9,12,8,95,0,0,0,0,0,0,1,0,0,White,0,1,0,0,0,0,male,NA,straight,NA,0,1,0,0,1,0,0,0,0,0,1,1,0,0,1,Cold War,1,0,0,0,1,0,1,0,0,0,1,0,0,0,0,0,Marines,Voluntary Discharge,0,0,0,1,0.9,1,1,"(74.5,100]",High school diploma or equivalent,Retired,Married,4.5,57,0,0,76
4,3,4,2,3,4,3,5,4,4,2,4,4,4,2,2,3,3,5,3,3,22,14,8,10,17,71,2,3,3,3,3,3,4,2,3,3,3,3,3,3,3,3,3,3,3,3,4,3,3,3,2,3,2,4,3,3,3,22,18,10,9,11,12,10,92,0,0,0,0,0,0,1,0,0,White,0,1,0,0,0,0,female,NA,gay,NA,1,0,0,0,0,1,0,0,0,0,1,0,1,0,1,Cold War,0,0,0,0,0,1,0,0,0,0,0,1,0,0,0,0,Navy,Medical Discharge,0,1,1,1,0.1,1,0,"(54.5,64.5]",Some college,Retired,Married,6,30,0,1,58
4,2,4,2,4,3,2,3,4,4,2,2,4,5,4,4,2,1,4,4,5,25,13,8,9,14,69,2,3,3,4,3,4,4,2,3,4,4,3,3,3,2,2,3,3,3,3,4,3,3,3,2,3,3,4,3,4,3,23,20,12,9,11,10,11,96,0,0,0,0,0,0,1,0,0,White,0,1,0,0,0,0,male,NA,straight,NA,0,1,0,0,1,0,0,0,0,0,0,0,0,1,0,Post-9/11,0,1,0,0,1,0,1,0,1,0,0,0,0,0,0,0,Army,Service Completed,0,0,0,0,0,1,2,"(34.5,44.5]",Masters degree,Full Time,Married,6,15,0,0,41
5,5,5,1,2,5,1,1,5,5,3,5,5,5,1,5,2,3,5,1,5,30,8,7,12,18,75,1,4,3,4,3,4,4,2,4,4,3,1,4,4,2,2,4,3,2,2,4,2,4,2,2,3,1,4,2,4,4,28,15,12,8,11,8,10,92,0,0,0,0,0,0,1,0,0,White,0,1,0,0,0,0,male,NA,straight,NA,0,1,0,0,1,0,0,0,0,0,0,0,1,0,0,Persian Gulf: Pre-9/11,0,1,0,0,1,0,1,0,0,0,1,0,0,0,0,0,Marines,Service Completed,0,0,0,0,0,1,2,"(44.5,54.5]",Masters degree,Full Time,Divorced,4,24,0,0,46
5,5,5,2,4,5,2,4,5,5,2,5,4,5,2,5,2,3,5,4,5,30,14,9,12,19,84,2,3,2,3,1,4,4,2,4,4,1,2,3,3,2,3,3,2,2,3,4,2,2,1,2,2,1,2,2,2,3,23,15,10,6,7,9,6,76,0,0,0,0,0,0,1,0,0,White,1,0,0,0,0,0,male,NA,straight,NA,0,1,0,0,1,0,0,0,0,0,1,0,1,0,1,Cold War,0,0,0,0,0,1,0,0,1,0,0,0,0,0,0,0,Army,Voluntary Discharge,0,0,0,0,0,1,0,"(54.5,64.5]",Bachelors degree,Full Time,Married,6,30,0,1,59
2,2,2,4,3,4,2,5,4,2,1,2,4,4,2,2,2,2,2,3,4,16,16,6,8,12,58,2,4,3,2,2,2,4,2,4,3,3,2,3,3,2,2,3,2,2,2,3,2,3,3,2,2,2,2,2,2,3,23,15,7,7,10,8,8,78,0,1,0,0,0,0,1,0,1,Multiple,1,0,0,0,0,0,male,NA,straight,NA,0,1,0,0,1,0,0,0,0,0,1,1,0,0,1,Cold War,0,0,0,0,0,1,0,1,0,0,0,0,0,0,0,0,Air Force,Voluntary Discharge,0,0,0,1,0.1,1,0,"(64.5,74.5]",Bachelors degree,Retired,Married,1,53,0,0,74
3,2,3,2,4,3,2,4,4,4,2,4,4,4,2,3,2,3,3,2,2,21,12,6,8,15,62,3,4,3,3,4,3,3,2,3,3,3,2,3,4,2,3,4,4,3,3,4,4,4,3,3,3,3,3,3,3,3,23,21,9,11,12,11,11,98,0,0,0,1,0,0,0,0,0,"Hispanic, Latino, or Spanish origin",0,1,0,0,0,0,female,NA,straight,NA,1,0,0,0,1,0,0,0,0,0,0,0,1,1,1,Persian Gulf: Pre-9/11,1,0,1,1,3,0,1,0,1,0,0,0,0,0,0,0,Army,Service Completed,0,0,0,0,0,1,2,"(34.5,44.5]",Some college,Full Time,Married,6,20,0,1,43
5,2,5,2,2,5,2,2,4,2,1,5,4,4,2,3,2,3,2,3,5,23,11,6,12,13,65,3,4,4,4,4,4,4,3,4,4,4,4,4,4,2,1,4,4,2,3,4,3,4,4,2,4,2,3,2,3,4,28,21,11,11,15,7,12,105,0,0,0,0,0,0,1,0,0,White,0,1,0,0,0,0,female,NA,straight,NA,1,0,0,0,1,0,0,0,0,0,1,0,1,0,1,Cold War,1,1,1,1,4,0,1,0,1,0,0,0,0,0,0,0,Army,Service Completed,0,0,0,0,0,1,6,"(54.5,64.5]",Some college,Full Time,Married,8,32,0,1,58
2,3,2,1,2,4,1,4,4,4,2,5,3,4,2,3,1,2,5,2,5,19,10,6,11,15,61,3,3,1,3,1,2,4,3,4,3,2,2,3,4,2,2,3,2,2,2,3,2,3,2,3,2,2,3,2,2,3,24,17,8,5,10,8,6,78,0,0,0,0,0,0,1,0,0,White,0,1,0,0,0,0,female,NA,straight,NA,1,0,0,0,1,0,0,0,0,0,0,0,1,1,1,Persian Gulf: Pre-9/11,0,0,0,0,0,1,0,1,0,0,0,0,0,0,0,0,Air Force,Voluntary Discharge,0,0,0,1,0.8,1,0,"(44.5,54.5]",Some college,Unemployed,Married,3,20,0,0,45
2,5,4,1,1,5,2,5,2,1,1,2,5,2,5,2,1,2,2,2,1,13,13,12,4,11,53,1,3,1,4,1,4,1,1,3,3,3,2,2,3,1,3,1,2,3,1,4,1,1,1,3,1,1,1,1,3,3,19,12,8,4,4,8,8,63,0,0,0,0,0,0,1,0,0,White,0,1,0,0,0,0,female,NA,straight,NA,1,0,0,0,1,0,0,0,0,0,0,0,0,1,0,Post-9/11,1,1,0,1,3,0,1,1,0,0,0,0,0,0,0,0,Air Force,Voluntary Discharge,0,0,0,0,0,1,3,"(18,34.5]",Bachelors degree,Full Time,Married,9,7,0,1,34
3,2,3,1,2,2,1,4,4,2,1,5,5,5,1,4,1,2,4,3,1,21,13,4,7,11,56,3,3,4,3,4,4,4,3,4,4,4,3,4,4,2,2,4,4,2,4,4,4,3,4,4,4,4,4,3,4,4,26,26,12,12,14,9,12,111,0,0,0,0,0,0,1,0,0,White,0,1,0,0,0,0,female,NA,straight,NA,1,0,0,0,1,0,0,0,0,0,0,0,1,0,0,Persian Gulf: Pre-9/11,0,0,0,0,0,1,0,0,1,0,0,0,0,0,0,0,Army,Service Completed,0,0,0,0,0,1,0,"(44.5,54.5]",Associates degree,Unemployed,Divorced,4,25,0,1,50
5,5,5,5,3,3,4,4,5,5,4,5,4,5,5,5,4,2,5,5,5,30,18,14,14,17,93,1,4,2,4,2,4,4,2,4,4,3,3,4,4,3,3,3,3,3,3,4,1,3,3,2,3,3,1,3,3,3,27,18,9,6,11,12,9,92,0,0,0,0,0,0,1,0,0,White,0,0,0,1,0,0,male,NA,straight,NA,0,1,0,0,1,0,0,0,0,0,1,0,1,0,1,Cold War,0,1,0,0,1,0,1,0,1,0,0,0,0,0,0,0,Army,Service Completed,0,0,0,0,0,0,1,"(74.5,100]",Applied or professional doctorate,Retired,Married,20,23,0,0,82
5,3,4,3,4,4,2,4,3,4,3,5,4,4,2,4,3,3,4,4,4,24,15,7,12,18,76,2,3,2,3,2,3,3,2,3,3,2,3,3,3,3,3,3,3,3,3,3,2,2,2,2,2,2,2,3,2,3,21,17,8,7,8,12,7,80,0,0,0,0,0,0,1,0,0,White,0,1,0,0,0,0,male,NA,straight,NA,0,1,0,0,1,0,0,0,0,0,1,1,0,0,1,Cold War,1,1,1,0,3,0,1,1,0,0,0,1,0,0,0,1,Multiple,Service Completed,0,0,0,1,0.7,1,3,"(64.5,74.5]",Masters degree,Retired,Married,11,41,0,0,71
5,3,5,3,2,5,1,2,5,3,2,5,5,5,2,3,3,2,3,4,2,26,14,6,10,14,70,1,3,1,3,4,4,4,1,4,3,2,1,3,4,3,3,4,3,3,2,4,2,3,3,3,3,2,3,3,3,3,24,16,10,6,10,12,10,88,0,0,0,0,0,0,1,0,0,White,0,1,0,0,0,0,male,NA,straight,NA,0,1,0,0,1,0,0,0,0,0,1,1,0,0,1,Cold War,0,1,1,0,2,0,1,0,0,0,0,1,0,0,0,0,Navy,Service Completed,0,0,0,1,0.1,1,3,"(74.5,100]",Bachelors degree,Retired,Married,6,50,0,1,78
5,4,4,3,4,5,3,4,5,4,3,5,4,4,1,3,2,3,2,5,5,25,16,8,12,17,78,2,4,3,3,3,4,4,4,4,4,3,4,4,4,3,4,4,4,3,4,4,3,3,3,3,3,4,4,3,3,4,27,24,12,10,13,13,10,109,0,0,0,0,0,0,1,0,0,White,0,1,0,0,0,0,male,NA,straight,NA,0,1,0,0,1,0,0,0,0,0,1,1,0,0,1,Cold War,0,1,0,0,1,0,1,1,0,0,0,0,0,0,0,0,Air Force,Voluntary Discharge,0,0,0,0,0,1,1,"(74.5,100]",High school diploma or equivalent,Retired,Divorced,4.5,44,0,0,78
5,3,4,2,4,5,3,3,4,5,2,5,4,5,3,4,2,3,4,4,3,27,13,9,10,18,77,2,3,1,3,2,3,3,2,3,2,2,2,3,3,2,3,3,3,3,2,3,4,2,2,2,2,2,3,3,3,3,21,16,8,8,8,11,7,79,0,0,0,0,0,0,1,0,0,White,0,1,0,0,0,0,male,NA,straight,NA,0,1,0,0,1,0,0,0,0,0,1,1,0,0,1,Cold War,0,0,0,0,0,1,0,0,1,0,0,0,0,0,0,0,Army,Service Completed,0,0,0,0,0,1,0,"(64.5,74.5]",Associates degree,Retired,Married,6,50,0,1,72
5,4,5,1,5,1,1,5,5,5,1,5,5,5,2,5,4,2,5,5,1,30,16,7,10,14,77,4,4,2,4,2,2,3,3,4,2,1,3,3,4,4,4,4,4,3,4,3,3,2,3,2,3,4,2,4,4,4,26,25,6,9,11,15,6,98,0,0,0,0,0,0,1,0,0,White,0,1,0,0,0,0,male,NA,straight,NA,0,1,0,0,1,0,0,0,0,0,0,0,0,1,0,Post-9/11,0,1,1,0,2,0,1,1,0,0,0,0,0,0,0,0,Air Force,Service Completed,0,0,0,0,0,1,1,"(44.5,54.5]",Masters degree,Full Time,Married,6,15,0,0,46
5,5,5,5,4,5,5,5,4,4,4,4,4,5,5,4,4,5,4,5,4,27,19,15,12,22,95,2,3,1,3,2,2,3,2,4,3,1,1,2,2,3,3,3,1,3,2,2,1,2,2,1,2,1,2,3,2,3,20,12,7,3,8,12,5,67,0,0,0,0,0,0,1,0,0,White,1,0,0,0,0,0,female,NA,straight,NA,1,0,0,0,1,0,0,0,0,0,0,0,1,0,0,Persian Gulf: Pre-9/11,0,0,0,0,0,1,0,0,0,0,0,1,0,0,0,0,Navy,Service Completed,0,0,0,0,0,1,0,"(44.5,54.5]",High school diploma or equivalent,Unemployed,Married,4,25,0,0,53
5,3,5,4,4,5,2,5,5,4,3,5,5,5,4,4,3,4,5,5,5,28,19,9,13,21,90,1,4,1,3,3,2,4,2,4,3,1,3,4,4,2,2,3,3,2,3,4,2,3,3,3,3,2,3,2,4,4,27,19,8,6,11,8,8,87,0,0,0,0,0,0,1,0,0,White,0,1,0,0,0,0,male,NA,straight,NA,0,1,0,0,1,0,0,0,0,0,1,1,0,0,1,Cold War,1,1,0,0,2,0,1,0,1,0,0,0,0,0,0,0,Army,Service Completed,0,0,0,1,0.3,1,2,"(64.5,74.5]",Applied or professional doctorate,Retired,Never married,6,45,0,0,73
5,3,5,2,4,5,2,5,5,5,5,5,5,5,5,5,2,4,5,5,5,30,17,10,12,23,92,3,4,1,4,3,4,4,1,4,4,3,2,4,4,2,3,4,3,3,2,4,2,3,4,2,3,3,4,3,3,4,28,19,12,6,11,11,10,97,0,0,0,0,0,0,1,0,0,White,0,1,0,0,0,0,male,NA,straight,NA,0,1,0,0,1,0,0,0,0,0,1,1,0,0,1,Cold War,0,0,0,0,0,1,0,0,0,0,1,0,0,0,0,0,Marines,Service Completed,0,0,0,1,0.1,1,0,"(64.5,74.5]",Associates degree,Full Time,Married,6,42,0,1,65
5,5,5,5,5,5,3,2,5,5,3,5,5,5,5,5,2,4,5,5,5,30,17,13,12,22,94,1,4,2,3,2,3,4,2,4,4,1,3,4,4,3,3,4,1,3,3,3,2,3,3,1,3,1,2,3,3,3,26,16,9,5,11,12,6,85,0,0,0,0,0,0,1,0,0,White,0,1,0,0,0,0,male,NA,straight,NA,0,1,0,0,1,0,0,0,0,0,1,1,0,0,1,Cold War,0,0,0,0,0,1,0,0,1,0,0,0,0,0,0,0,Army,Service Completed,0,0,0,0,0,1,0,"(74.5,100]",Some college,Retired,Divorced,6,56,0,0,83
5,3,4,2,4,4,2,4,4,2,4,5,4,4,4,4,2,2,5,4,4,23,14,9,11,19,76,1,3,2,3,3,3,3,3,3,3,2,3,3,3,3,3,3,2,3,3,3,2,2,2,2,3,2,3,3,2,4,22,16,9,6,10,12,8,83,0,0,0,0,0,0,1,0,0,White,0,1,0,0,0,0,male,NA,straight,NA,0,1,0,0,1,0,0,0,0,0,1,1,0,0,1,Cold War,0,0,0,0,0,1,0,0,1,0,0,0,0,0,0,0,Army,Service Completed,0,0,0,0,0,1,0,"(74.5,100]",Some college,Retired,Married,3,58,0,0,80
5,5,5,2,4,4,1,4,5,4,2,2,4,5,3,4,4,2,5,4,5,28,14,9,11,17,79,2,4,1,4,3,4,4,2,4,4,1,1,4,4,4,3,3,3,4,3,2,2,3,1,3,3,2,4,4,3,4,28,17,12,6,9,15,6,93,0,0,0,0,0,0,1,0,0,White,0,1,0,0,0,0,male,NA,straight,NA,0,1,0,0,1,0,0,0,0,0,1,1,0,0,1,Cold War,0,1,0,0,1,0,1,1,0,0,0,0,0,0,0,0,Air Force,Service Completed,0,0,0,0,0,1,1,"(64.5,74.5]",Associates degree,Retired,Married,4,50,0,0,71
5,4,4,2,4,5,2,5,5,5,4,5,5,5,2,4,2,4,5,5,4,28,17,8,11,22,86,3,4,2,4,3,4,4,2,4,4,2,2,4,4,3,3,4,3,3,3,4,3,4,3,2,3,2,3,3,2,4,28,18,11,8,12,12,9,98,0,0,0,0,0,0,1,0,0,White,0,1,0,0,0,0,female,NA,straight,NA,1,0,0,0,1,0,0,0,0,0,1,0,0,0,0,Cold War,0,0,0,0,0,1,0,0,1,0,0,0,0,0,0,0,Army,Service Completed,0,0,0,0,0,1,0,"(64.5,74.5]",Bachelors degree,Retired,Divorced,3,37,0,0,67
5,4,5,5,5,5,3,3,5,2,4,5,1,5,4,4,3,4,2,5,5,26,14,11,13,20,84,1,3,1,1,1,4,4,4,4,3,1,1,3,3,3,3,3,2,3,3,3,1,2,2,2,2,2,1,3,3,4,22,15,8,4,10,12,5,76,0,0,0,0,0,0,1,0,0,White,1,0,0,0,0,0,male,NA,straight,NA,0,1,0,0,1,0,0,0,0,0,1,1,0,0,1,Cold War,0,0,0,0,0,1,0,0,0,0,0,1,0,0,0,0,Navy,Voluntary Discharge,0,0,0,0,0,1,0,"(64.5,74.5]",Associates degree,Retired,Married,2,50,0,0,73
5,5,5,2,4,4,3,4,5,5,4,5,4,5,2,5,2,4,4,5,5,30,15,10,12,20,87,2,4,1,4,2,3,3,2,4,3,2,2,4,3,3,3,3,2,3,3,3,1,2,2,2,2,1,3,3,2,3,25,15,9,4,8,12,7,80,0,0,0,0,0,0,1,0,0,White,1,0,0,0,0,0,male,NA,straight,NA,0,1,0,0,1,0,0,0,0,0,1,1,0,0,1,Cold War,0,0,1,0,1,0,1,0,0,0,0,1,0,0,0,0,Navy,Service Completed,0,0,0,0,0,1,0,"(74.5,100]",Associates degree,Retired,Never married,4,53,0,0,78
4,4,3,1,3,2,2,4,3,4,3,3,4,3,2,1,3,4,1,3,3,18,12,8,9,13,60,4,2,1,3,2,3,1,2,1,2,3,3,2,2,3,1,3,2,4,4,3,2,2,4,2,2,3,2,3,3,3,14,22,7,5,10,11,8,77,0,0,0,0,0,0,1,0,0,White,0,0,0,0,1,0,female,NA,bisexual,NA,1,0,0,0,0,0,1,0,0,0,0,0,0,1,0,Post-9/11,0,0,1,1,2,0,1,0,1,0,0,0,0,0,0,0,Army,Medical Discharge,0,1,1,1,0.5,0,2,"(34.5,44.5]",Associates degree,Irregular,Married,9,3,1,1,40
5,3,5,4,3,3,2,5,5,4,3,5,5,5,2,5,1,2,5,5,5,29,19,7,11,16,82,3,4,3,4,3,4,4,3,4,2,3,3,4,4,2,2,4,3,2,3,4,3,3,3,3,3,3,3,2,3,4,28,22,9,9,12,8,10,98,0,1,1,0,0,0,0,0,1,Multiple,0,1,0,0,0,0,male,NA,straight,NA,0,1,0,0,1,0,0,0,0,0,1,0,0,1,1,Cold War,1,1,0,1,3,0,1,0,1,0,0,1,0,0,0,1,Multiple,Service Completed,0,0,0,1,0.2,1,2,"(54.5,64.5]",Some college,Retired,Divorced,22,19,0,0,63
5,3,5,4,4,5,3,5,5,5,2,5,5,5,4,5,3,3,5,5,5,30,19,10,13,19,91,1,4,4,4,3,4,4,3,4,4,4,4,4,4,3,3,3,3,3,3,4,4,4,4,4,3,3,4,3,4,4,28,22,12,11,14,12,11,110,0,0,0,0,0,0,1,0,0,White,0,0,0,0,0,1,male,NA,straight,NA,0,1,0,0,1,0,0,0,0,0,1,1,1,0,1,Cold War,0,0,0,0,0,1,0,1,0,0,0,0,0,0,0,0,Air Force,Service Completed,0,0,0,1,0.1,0,0,"(64.5,74.5]",Masters degree,Retired,Married,20,28,0,0,70
3,2,3,2,4,4,2,5,1,4,3,4,4,3,2,2,1,2,5,3,3,16,14,6,8,18,62,4,4,4,4,4,3,4,3,4,3,4,4,4,4,1,3,4,4,3,4,4,4,4,3,4,3,3,3,3,3,3,27,26,9,12,13,10,12,109,0,0,0,1,0,0,0,0,0,"Hispanic, Latino, or Spanish origin",0,1,0,0,0,0,female,NA,straight,NA,1,0,0,0,1,0,0,0,0,0,1,0,1,0,1,Cold War,0,0,1,0,1,0,1,0,0,0,1,0,0,0,0,0,Marines,Service Completed,0,0,0,0,0,1,0,"(44.5,54.5]",Bachelors degree,Full Time,Divorced,8,30,0,1,53
5,2,5,3,3,5,1,1,5,4,2,5,5,5,2,5,2,2,5,1,5,29,10,5,12,17,73,2,4,4,4,4,4,4,3,4,4,4,4,4,4,3,3,4,4,3,3,4,4,4,3,4,4,4,4,3,3,4,28,24,12,12,14,12,12,114,0,0,0,0,0,0,1,0,0,White,0,1,0,0,0,0,male,NA,straight,NA,0,1,0,0,1,0,0,0,0,0,0,0,1,0,0,Persian Gulf: Pre-9/11,1,1,0,0,2,0,1,0,0,0,0,1,0,0,0,0,Navy,Service Completed,0,0,0,0,0,1,2,"(54.5,64.5]",Bachelors degree,Retired,Divorced,6,25,0,0,59
4,3,4,4,4,5,2,3,3,4,2,4,5,5,3,4,4,3,3,3,4,24,15,8,12,17,76,2,3,2,4,2,2,4,2,4,4,1,2,4,4,3,3,3,2,3,2,4,1,3,3,2,4,1,2,3,2,4,27,14,8,5,12,12,7,85,0,0,0,0,0,0,1,0,0,White,1,0,0,0,0,0,female,NA,straight,NA,1,0,0,0,1,0,0,0,0,0,0,0,1,0,0,Persian Gulf: Pre-9/11,0,0,0,0,0,1,0,0,1,0,0,0,0,0,0,0,Army,Other,1,0,1,0,0,1,0,"(64.5,74.5]",Masters degree,Retired,Married,1,31,0,1,71
4,3,4,2,4,2,1,4,4,3,3,5,5,5,2,4,4,2,2,4,4,24,15,6,13,13,71,2,4,3,4,3,3,4,3,4,4,2,2,4,4,3,3,3,3,3,3,4,3,3,3,2,4,2,3,3,2,3,27,16,10,9,13,12,9,96,0,0,0,0,0,0,1,0,0,White,0,1,0,0,0,0,female,NA,straight,NA,1,0,0,0,1,0,0,0,0,0,0,0,1,1,1,Persian Gulf: Pre-9/11,0,1,0,0,1,0,1,0,1,0,0,0,0,0,0,0,Army,Service Completed,0,0,0,0,0,1,1,"(34.5,44.5]",Bachelors degree,Full Time,Divorced,5,19,0,1,43
5,5,5,5,3,5,2,5,4,5,4,5,5,5,2,5,2,3,4,5,5,29,20,9,12,19,89,3,4,2,4,3,4,4,4,4,4,2,3,3,3,3,3,4,3,3,3,4,3,4,4,4,3,2,3,3,3,3,25,22,11,8,15,12,9,102,0,0,0,0,0,0,1,0,0,White,1,0,0,0,0,0,male,NA,straight,NA,0,1,0,0,1,0,0,0,0,0,1,0,0,0,0,Cold War,0,1,0,0,1,0,1,1,0,0,0,0,0,0,0,0,Air Force,Service Completed,0,0,0,0,0,1,4,"(74.5,100]",Some college,Retired,Divorced,4,43,0,1,79
4,3,5,2,2,4,1,5,5,5,3,5,5,5,4,4,1,3,5,4,5,28,16,8,11,17,80,3,4,2,4,2,4,4,2,4,4,3,4,4,4,2,3,4,3,3,3,3,3,3,3,3,4,3,3,2,4,4,28,24,11,8,12,10,8,101,0,0,0,0,0,0,1,0,0,White,0,1,0,0,0,0,male,NA,straight,NA,0,1,0,0,1,0,0,0,0,0,1,1,0,0,1,Cold War,1,1,1,0,3,0,1,0,0,0,0,1,0,0,0,0,Navy,Service Completed,0,0,0,1,0.1,1,3,"(74.5,100]",Associates degree,Retired,Married,7,52,0,0,76
2,3,3,2,3,2,2,5,3,2,3,2,3,3,2,3,1,3,4,4,3,16,14,7,6,15,58,2,3,2,3,2,2,3,2,3,3,2,3,3,3,2,3,3,4,3,3,4,3,3,3,2,2,3,4,3,3,3,21,19,9,9,10,11,8,87,0,0,1,0,0,0,0,0,0,Black or African American,0,1,0,0,0,0,female,NA,other,No label,1,0,0,0,0,0,0,1,0,0,0,0,0,1,0,Post-9/11,1,0,0,0,1,0,1,1,0,0,0,0,0,0,0,0,Air Force,Medical Discharge,0,1,1,1,0.1,1,1,"(34.5,44.5]",Associates degree,Irregular,Never married,4,10,1,1,37
5,5,5,4,3,4,5,3,5,4,3,5,5,5,3,5,2,4,5,4,5,29,16,13,12,19,89,3,4,1,4,2,3,4,3,4,3,2,2,4,4,3,3,4,2,3,3,3,2,3,3,2,3,3,3,3,2,4,28,19,9,5,12,12,7,92,0,0,0,0,0,0,1,0,0,White,0,1,0,0,0,0,male,NA,straight,NA,0,1,0,0,1,0,0,0,0,0,1,1,0,0,1,Cold War,0,0,0,0,0,1,0,1,0,0,0,0,0,0,0,0,Air Force,Service Completed,0,0,0,0,0,1,0,"(74.5,100]",Some college,Retired,Married,2,56,0,0,76
3,2,3,2,3,2,3,4,3,4,2,2,2,2,2,2,2,2,1,2,1,17,10,7,5,10,49,2,3,3,3,2,3,3,2,4,3,3,3,3,4,2,2,3,4,2,3,3,3,3,3,2,3,3,3,2,3,3,23,19,9,10,11,8,8,88,0,0,0,0,0,0,1,0,0,White,0,1,0,0,0,0,female,NA,straight,NA,1,0,0,0,1,0,0,0,0,0,0,0,0,1,0,Post-9/11,0,0,0,0,0,1,0,0,0,0,0,1,0,0,0,0,Navy,Not yet discharged,0,0,0,0,0,1,0,"(18,34.5]",High school diploma or equivalent,Full Time,Divorced,3,0,1,1,33
3,3,4,1,4,4,2,3,4,4,2,5,4,4,3,2,2,2,3,1,5,21,9,8,12,15,65,2,4,2,4,2,4,3,2,4,4,3,2,4,4,3,4,4,2,3,3,3,2,2,3,2,4,3,2,2,3,4,27,19,10,6,11,12,8,93,0,0,0,0,0,0,1,0,0,White,0,0,0,0,1,0,male,NA,straight,NA,0,1,0,0,1,0,0,0,0,0,1,1,0,0,1,Cold War,0,0,0,0,0,1,0,0,1,0,0,0,0,0,0,0,Army,Voluntary Discharge,0,0,0,0,0,0,0,"(74.5,100]",Bachelors degree,Retired,Married,6,53,0,0,81
5,3,5,5,4,5,2,5,5,4,5,5,4,5,3,4,3,3,5,5,4,28,19,8,12,22,89,3,4,4,4,3,4,4,4,4,4,4,4,4,4,3,3,4,4,3,4,4,4,4,4,3,4,4,4,3,4,4,28,26,12,12,16,12,11,117,0,1,0,0,0,0,1,0,1,Multiple,0,1,0,0,0,0,male,NA,straight,NA,0,1,0,0,1,0,0,0,0,0,0,0,1,1,1,Persian Gulf: Pre-9/11,1,1,0,0,2,0,1,0,1,0,0,0,0,0,0,0,Army,Service Completed,0,0,0,0,0,1,6,"(54.5,64.5]",Associates degree,Full Time,Married,12,20,0,0,64
4,3,3,2,3,1,2,3,3,4,3,4,5,4,3,3,4,2,3,5,1,21,15,8,9,12,65,3,4,1,3,4,2,2,3,4,2,2,2,4,4,4,3,3,4,1,3,4,3,4,3,4,4,4,3,3,2,4,25,21,7,8,14,11,10,96,0,0,0,0,0,0,1,0,0,White,0,0,0,1,0,0,male,NA,bisexual,NA,0,1,0,0,0,0,1,0,0,0,0,0,1,1,1,Persian Gulf: Pre-9/11,1,0,0,0,1,0,1,0,0,0,1,0,0,0,0,0,Marines,Service Completed,0,0,0,1,0.1,0,3,"(44.5,54.5]",High school diploma or equivalent,Retired,Never married,15,10,0,0,54
5,5,5,4,5,5,3,1,5,5,2,5,4,5,3,5,2,4,5,3,5,30,12,11,12,21,86,1,4,1,4,2,4,4,1,4,4,1,3,4,4,4,4,4,3,4,3,3,2,2,2,4,3,2,3,3,3,3,27,20,11,6,8,15,6,93,0,0,0,0,0,0,1,0,0,White,0,1,0,0,0,0,male,NA,straight,NA,0,1,0,0,1,0,0,0,0,0,1,1,0,0,1,Cold War,0,0,0,0,0,1,0,0,0,0,0,1,0,0,0,0,Navy,Service Completed,0,0,0,0,0,1,0,"(74.5,100]",High school diploma or equivalent,Retired,Married,4,59,0,0,83
4,3,4,3,4,4,2,2,4,4,4,4,2,4,3,4,2,3,2,4,2,24,11,8,8,17,68,2,3,2,3,2,3,3,2,3,3,3,2,3,3,2,3,3,2,3,3,3,2,2,3,3,2,3,2,3,2,2,20,18,8,6,9,11,8,80,0,0,0,0,0,0,1,0,0,White,0,1,0,0,0,0,male,NA,straight,NA,0,1,0,0,1,0,0,0,0,0,1,1,0,0,1,Cold War,1,0,0,0,1,0,1,0,1,0,0,0,0,0,0,0,Army,Service Completed,0,0,0,0,0,1,1,"(64.5,74.5]",High school diploma or equivalent,Full Time,Married,3,52,0,0,74
3,3,3,2,3,4,1,4,4,2,4,5,4,4,2,3,2,3,3,4,4,19,14,6,11,17,67,2,4,1,4,2,4,3,2,4,3,3,3,4,4,2,2,4,2,2,3,4,1,3,3,3,3,3,3,2,3,4,27,21,10,4,11,8,9,90,0,0,0,0,0,0,1,0,0,White,0,1,0,0,0,0,male,NA,straight,NA,0,1,0,0,1,0,0,0,0,0,1,1,0,0,1,Cold War,0,1,0,0,1,0,1,0,0,0,0,1,0,0,0,0,Navy,Service Completed,0,0,0,0,0,1,1,"(64.5,74.5]",High school diploma or equivalent,Retired,Married,4,44,0,0,67
3,3,4,2,3,2,2,5,5,5,1,5,5,5,2,5,5,4,5,5,5,27,17,7,15,15,81,2,4,2,4,3,4,3,4,4,4,3,2,4,4,4,4,4,4,4,3,4,3,4,3,2,4,2,4,4,4,4,27,19,12,9,15,16,10,108,0,0,0,0,0,0,1,0,0,White,0,1,0,0,0,0,male,NA,straight,NA,0,1,0,0,1,0,0,0,0,0,1,0,1,0,1,Cold War,1,0,0,0,1,0,1,0,1,0,0,0,0,0,0,0,Army,Service Completed,0,0,0,0,0,1,2,"(54.5,64.5]",High school diploma or equivalent,Full Time,Divorced,6,30,0,0,55
5,5,5,3,4,5,4,4,5,5,2,5,5,5,5,5,5,2,5,5,5,30,17,14,15,18,94,2,4,1,4,4,4,4,4,4,4,3,2,4,4,4,4,3,2,4,3,4,1,4,4,2,3,3,4,4,3,4,28,18,12,4,15,16,11,104,0,0,0,0,0,0,1,0,0,White,0,0,0,0,0,1,male,NA,straight,NA,0,1,0,0,1,0,0,0,0,0,1,1,0,0,1,Cold War,1,0,0,0,1,0,1,1,0,0,0,0,0,0,0,0,Air Force,Voluntary Discharge,0,0,0,0,0,0,1,"(74.5,100]",Masters degree,Retired,Widowed,13,46,0,0,82
5,5,5,5,5,5,4,5,5,5,3,5,5,5,5,5,4,2,5,5,5,30,20,14,14,20,98,3,4,1,4,3,4,4,4,4,4,2,1,4,4,4,4,4,3,4,3,4,4,4,4,3,4,1,4,4,4,4,28,19,12,8,16,16,9,108,0,0,0,0,0,0,1,0,0,White,0,1,0,0,0,0,male,NA,straight,NA,0,1,0,0,1,0,0,0,0,0,1,1,0,0,1,Cold War,0,0,1,0,1,0,1,0,0,0,0,1,0,0,0,0,Navy,Voluntary Discharge,0,0,0,0,0,1,0,"(74.5,100]",Some college,Retired,Married,9,49,0,0,76
5,3,5,5,3,5,2,5,5,5,5,5,4,5,3,4,2,2,5,5,5,29,19,8,12,20,88,3,4,2,4,2,4,4,4,4,4,3,3,4,4,2,3,4,3,3,3,4,3,2,4,2,3,3,4,4,3,4,28,21,12,8,13,12,9,103,0,0,0,0,0,0,1,0,0,White,0,1,0,0,0,0,male,NA,straight,NA,0,1,0,0,1,0,0,0,0,0,1,1,0,0,1,Cold War,0,0,0,0,0,1,0,0,1,0,0,0,0,0,0,0,Army,Service Completed,0,0,0,0,0,1,0,"(64.5,74.5]",Some college,Retired,Married,3,45,0,1,66
5,3,3,4,4,4,2,4,4,3,2,5,5,4,4,3,2,3,4,4,5,22,17,9,12,17,77,2,4,2,3,3,2,4,2,4,4,3,2,3,4,3,4,4,3,3,4,3,2,3,2,3,3,3,3,3,3,4,26,21,9,7,10,13,9,95,0,0,0,0,0,0,1,0,0,White,0,1,0,0,0,0,male,NA,straight,NA,0,1,0,0,1,0,0,0,0,0,1,0,1,0,1,Cold War,0,0,0,0,0,1,0,0,1,0,0,0,0,0,0,0,Army,Medical Discharge,0,1,1,1,0.1,1,0,"(54.5,64.5]",Bachelors degree,Part Time,Married,5,32,0,0,55
5,5,5,4,4,5,3,3,4,3,4,5,5,4,4,3,2,3,5,4,5,24,16,12,12,21,85,2,4,1,3,2,4,4,2,4,4,3,3,3,4,2,3,3,3,3,3,3,3,1,3,2,3,2,3,3,3,3,25,18,11,7,9,11,8,89,0,0,0,0,0,0,1,0,0,White,0,1,0,0,0,0,male,NA,straight,NA,0,1,0,0,1,0,0,0,0,0,1,1,0,0,1,Cold War,0,0,0,0,0,1,0,0,1,0,0,0,0,0,0,0,Army,Service Completed,0,0,0,0,0,1,0,"(74.5,100]",High school diploma or equivalent,Retired,Married,6,51,0,0,79
3,2,2,1,4,4,2,5,4,5,1,5,5,4,1,1,1,1,4,2,3,19,13,5,9,14,60,1,4,1,2,1,3,4,1,3,3,1,1,3,3,2,2,3,3,3,2,4,1,2,1,3,2,1,1,2,1,3,22,12,7,5,6,9,6,67,0,0,0,0,0,0,1,0,0,White,0,1,0,0,0,0,male,NA,straight,NA,0,1,0,0,1,0,0,0,0,0,1,1,0,0,1,Cold War,1,0,1,0,2,0,1,0,1,0,0,0,0,0,0,0,Army,Service Completed,0,0,0,0,0,1,1,"(74.5,100]",Some college,Part Time,Married,6,51,0,1,76
5,3,5,5,5,5,1,5,5,5,5,5,5,5,3,5,3,4,5,5,5,30,20,7,13,24,94,2,4,3,4,3,4,4,2,4,3,4,2,4,4,3,3,4,3,4,3,4,2,3,4,3,3,3,4,3,4,4,28,21,11,8,12,13,11,104,0,0,0,0,0,0,1,0,0,White,0,1,0,0,0,0,male,NA,straight,NA,0,1,0,0,1,0,0,0,0,0,1,1,0,0,1,Cold War,1,0,0,0,1,0,1,0,0,0,0,1,0,0,0,0,Navy,Service Completed,0,0,0,1,0.2,1,2,"(74.5,100]",Some college,Retired,Married,4,56,0,0,77
5,1,3,2,4,5,1,5,5,4,4,5,4,5,1,3,3,2,5,5,5,25,16,3,13,20,77,3,4,4,4,4,4,4,1,4,4,4,3,4,4,2,2,4,4,2,3,4,4,3,1,3,3,3,4,1,4,4,28,23,12,12,8,7,12,102,0,0,0,0,0,0,1,0,0,White,0,1,0,0,0,0,male,NA,straight,NA,0,1,0,0,1,0,0,0,0,0,1,1,0,0,1,Cold War,0,1,1,0,2,0,1,0,0,0,1,0,0,0,0,0,Marines,Service Completed,0,0,0,0,0,1,1,"(64.5,74.5]",Associates degree,Retired,Married,3,52,0,0,73
5,4,5,4,3,2,4,5,5,5,4,5,5,5,2,4,2,2,5,5,2,29,19,10,9,16,83,3,4,2,4,3,3,4,3,4,2,4,3,4,4,3,3,3,3,3,3,4,2,3,3,2,3,3,3,3,4,4,28,21,8,7,12,12,11,99,0,0,0,0,0,0,1,0,0,White,0,1,0,0,0,0,male,NA,straight,NA,0,1,0,0,1,0,0,0,0,0,1,0,1,0,1,Cold War,0,0,0,0,0,1,0,1,0,0,0,0,0,0,0,0,Air Force,Service Completed,0,0,0,0,0,1,0,"(44.5,54.5]",Masters degree,Full Time,Married,4,32,0,1,54
5,3,3,2,4,5,3,3,4,4,4,5,5,4,3,4,2,2,5,4,5,24,14,9,12,20,79,2,4,2,3,3,3,4,2,4,2,2,2,4,4,2,2,3,2,2,2,3,2,2,2,2,3,2,2,2,3,3,26,16,7,6,9,8,8,80,0,0,0,0,0,0,1,0,0,White,0,1,0,0,0,0,male,NA,straight,NA,0,1,0,0,1,0,0,0,0,0,1,1,0,0,1,Cold War,0,0,0,0,0,1,0,1,0,0,0,0,0,0,0,0,Air Force,Service Completed,0,0,0,0,0,1,0,"(74.5,100]",Bachelors degree,Retired,Divorced,3.5,49,0,0,76
2,2,2,1,5,2,1,2,4,1,1,2,4,4,1,1,1,2,2,2,5,14,9,4,8,12,47,3,3,4,4,2,4,3,4,4,4,4,4,4,4,2,4,4,3,3,4,4,3,4,4,4,4,4,4,2,4,4,26,27,12,10,16,11,10,112,0,0,0,1,0,0,0,0,0,"Hispanic, Latino, or Spanish origin",0,0,0,0,1,0,female,NA,straight,NA,1,0,0,0,1,0,0,0,0,0,0,0,0,1,0,Post-9/11,1,0,0,0,1,0,1,0,0,0,1,0,0,0,0,0,Marines,Service Completed,0,0,0,1,0.4,0,2,"(34.5,44.5]",Bachelors degree,Part Time,Married,10,6,0,1,37
4,5,5,4,3,5,2,3,5,5,3,5,3,5,3,5,4,2,5,3,5,29,13,10,14,18,84,2,3,2,3,3,3,4,2,4,3,2,3,3,3,3,3,3,3,3,3,3,2,3,3,3,3,2,3,3,3,3,23,19,9,7,11,12,8,89,0,0,0,0,0,0,1,0,0,White,1,0,0,0,0,0,female,NA,straight,NA,1,0,0,0,1,0,0,0,0,0,1,0,1,0,1,Cold War,0,0,0,0,0,1,0,1,0,0,0,0,0,0,0,0,Air Force,Service Completed,0,0,0,0,0,1,0,"(54.5,64.5]",Some college,Part Time,Never married,4,31,0,0,57
4,5,5,1,4,5,2,1,5,4,1,5,3,5,2,5,5,4,5,2,5,28,7,9,15,19,78,3,4,2,4,3,3,4,2,4,4,4,3,4,4,3,3,4,3,3,4,4,2,3,1,2,3,2,4,3,3,4,28,21,11,7,9,12,11,99,0,1,0,0,0,0,1,0,1,Multiple,0,1,0,0,0,0,male,NA,straight,NA,0,1,0,0,1,0,0,0,0,0,0,0,1,0,0,Persian Gulf: Pre-9/11,1,1,0,1,3,0,1,0,0,0,0,1,0,0,0,0,Navy,Voluntary Discharge,0,0,0,0,0,1,7,"(44.5,54.5]",Associates degree,Full Time,Divorced,8,24,0,0,51
5,5,5,3,4,5,2,4,5,5,5,5,5,5,3,3,5,3,5,5,5,28,17,10,15,22,92,2,4,3,3,3,4,4,3,4,4,3,3,4,4,4,4,3,3,3,3,4,2,3,3,4,4,3,3,3,3,4,27,21,11,8,13,14,10,104,0,0,0,0,0,0,1,0,0,White,0,1,0,0,0,0,female,NA,straight,NA,1,0,0,0,1,0,0,0,0,0,1,0,0,0,0,Cold War,0,1,0,0,1,0,1,0,0,0,0,1,0,0,0,0,Navy,Service Completed,0,0,0,0,0,1,2,"(64.5,74.5]",Associates degree,Retired,Married,6,39,0,0,67
5,3,5,3,2,4,3,3,4,5,2,3,1,4,3,4,3,2,3,1,3,27,8,9,9,13,66,3,3,1,3,2,3,3,2,4,2,1,2,3,3,2,2,3,3,3,2,3,2,2,2,2,2,3,3,2,3,3,22,18,8,6,8,9,6,77,0,0,0,0,0,0,1,0,0,White,1,0,0,0,0,0,male,NA,straight,NA,0,1,0,0,1,0,0,0,0,0,1,1,0,0,1,Cold War,1,0,1,0,2,0,1,0,0,0,0,1,0,0,0,0,Navy,Service Completed,0,0,0,0,0,1,2,"(74.5,100]",Some college,Retired,Divorced,4,49,0,0,75
5,5,3,4,1,5,1,1,4,5,1,5,4,4,2,4,4,5,2,4,5,25,13,8,14,14,74,2,4,1,3,4,4,4,3,4,4,3,3,4,4,3,3,4,3,3,2,1,1,4,4,2,4,4,3,3,3,4,27,20,11,5,15,12,8,98,0,0,0,0,0,0,0,1,0,"Some other race, ethnicity, or origin",0,1,0,0,0,0,male,NA,straight,NA,0,1,0,0,1,0,0,0,0,0,1,0,0,0,0,Cold War,0,0,0,0,0,1,0,1,0,0,0,0,0,0,0,0,Air Force,Service Completed,0,0,0,0,0,1,0,"(54.5,64.5]",Some college,Retired,Married,4,40,0,0,63
5,5,5,5,4,5,2,3,5,4,2,5,4,4,3,5,4,3,5,4,5,28,16,10,14,19,87,3,3,2,3,2,4,4,4,4,4,1,3,3,3,3,3,3,3,3,3,3,2,3,3,3,3,3,3,3,3,3,23,21,11,7,13,12,6,93,0,0,0,1,0,0,0,0,0,"Hispanic, Latino, or Spanish origin",0,0,0,0,1,0,male,NA,straight,NA,0,1,0,0,1,0,0,0,0,0,1,1,0,0,1,Cold War,1,0,0,0,1,0,1,0,1,0,0,0,0,0,0,0,Army,Service Completed,0,0,0,0,0,0,1,"(74.5,100]",Bachelors degree,Retired,Married,6,53,0,0,76
5,5,5,4,4,4,3,4,5,5,4,5,5,4,4,5,5,4,5,5,5,29,18,12,15,21,95,3,4,2,3,3,4,4,3,4,3,3,3,4,4,4,4,4,3,3,3,3,3,3,3,3,3,2,4,4,3,3,26,21,11,8,12,15,9,102,0,0,0,0,0,0,1,0,0,White,0,1,0,0,0,0,female,NA,straight,NA,1,0,0,0,1,0,0,0,0,0,1,1,1,0,1,Cold War,0,1,0,0,1,0,1,0,1,0,0,0,0,0,0,0,Army,Service Completed,0,0,0,0,0,1,1,"(64.5,74.5]",Bachelors degree,Retired,Never married,21,30,0,0,70
5,2,5,1,4,4,1,1,3,2,2,5,5,4,3,3,2,1,3,3,3,22,10,6,10,14,62,3,4,4,4,3,4,4,4,4,4,4,4,4,4,3,4,4,3,3,4,3,3,4,4,3,4,2,4,3,3,4,28,23,12,10,16,13,10,112,0,0,0,0,0,0,1,0,0,White,0,0,0,0,1,0,male,NA,straight,NA,0,1,0,0,1,0,0,0,0,0,1,1,0,0,1,Cold War,1,0,1,0,2,0,1,0,1,0,0,0,0,0,0,0,Army,Service Completed,0,0,0,0,0,0,1,"(74.5,100]",Bachelors degree,Retired,Married,3,50,0,0,76
5,5,5,2,3,5,5,3,4,4,3,5,4,4,5,4,2,5,5,3,5,26,12,15,12,21,86,1,4,1,3,3,4,4,2,4,4,1,1,3,3,3,3,3,2,3,2,3,1,4,4,1,2,2,3,3,3,3,24,13,11,4,12,12,7,83,0,0,0,0,0,0,1,0,0,White,0,1,0,0,0,0,male,NA,straight,NA,0,1,0,0,1,0,0,0,0,0,1,1,0,0,1,Cold War,0,1,0,0,1,0,1,0,1,0,0,1,0,0,0,1,Multiple,Service Completed,0,0,0,0,0,1,2,"(64.5,74.5]",Associates degree,Retired,Married,5,50,0,0,72
5,3,4,2,3,4,2,3,4,4,4,5,4,5,3,4,2,4,4,3,4,26,12,8,11,19,76,3,4,2,4,1,3,4,2,4,3,2,3,4,4,3,3,3,3,3,3,4,3,3,3,3,3,3,3,3,4,4,28,22,9,8,11,12,7,97,0,0,0,0,0,0,1,0,0,White,0,1,0,0,0,0,male,NA,straight,NA,0,1,0,0,1,0,0,0,0,0,1,1,0,0,1,Cold War,0,1,0,0,1,0,1,0,1,0,0,0,0,0,0,0,Army,Service Completed,0,0,0,1,0,1,1,"(74.5,100]",Bachelors degree,Part Time,Married,6,53,0,0,82
5,5,5,4,5,5,2,4,5,5,2,5,4,5,5,5,3,4,5,5,5,30,17,12,13,21,93,2,4,2,3,2,4,4,2,4,4,2,2,4,4,3,3,2,2,3,2,4,2,3,2,2,3,1,3,3,2,3,26,13,11,6,10,12,8,86,0,0,0,0,0,0,1,0,0,White,0,0,0,0,1,0,male,NA,straight,NA,0,1,0,0,1,0,0,0,0,0,1,1,0,0,1,Cold War,0,1,0,0,1,0,1,1,0,0,0,0,0,0,0,0,Air Force,Service Completed,0,0,0,0,0,0,1,"(74.5,100]",Bachelors degree,Retired,Married,4,52,0,0,78
2,5,4,1,4,5,3,4,5,5,3,5,5,5,5,3,5,4,5,4,5,24,14,13,15,21,87,1,4,2,4,3,3,4,2,4,4,3,2,4,4,4,3,3,3,3,2,4,2,4,4,2,3,2,4,3,3,4,28,15,11,7,13,13,10,97,0,0,0,0,0,0,1,0,0,White,0,1,0,0,0,0,female,NA,straight,NA,1,0,0,0,1,0,0,0,0,0,1,1,0,0,1,Cold War,0,0,0,0,0,1,0,0,1,0,0,0,0,0,0,0,Army,Voluntary Discharge,0,0,0,0,0,1,0,"(64.5,74.5]",Some college,Retired,Widowed,3,46,0,0,71
5,5,5,2,3,4,4,4,5,5,2,5,5,5,5,5,1,2,5,4,5,30,15,14,11,16,86,2,4,3,3,3,4,4,2,4,4,3,3,4,4,3,4,3,3,3,3,3,3,4,3,2,4,2,4,3,4,4,27,19,12,9,13,13,9,102,0,0,0,0,0,0,1,0,0,White,0,0,0,0,0,1,male,NA,straight,NA,0,1,0,0,1,0,0,0,0,0,1,1,0,1,1,Cold War,0,1,0,1,2,0,1,0,0,0,0,1,0,0,0,0,Navy,Service Completed,0,0,0,0,0,0,2,"(64.5,74.5]",Masters degree,Retired,Married,30,20,0,0,72
5,2,4,3,3,4,2,3,4,5,3,5,5,5,3,4,1,3,4,4,3,27,15,7,9,17,75,3,3,1,3,2,3,3,2,4,3,2,3,3,3,2,2,4,3,2,3,3,2,3,3,2,3,2,3,2,3,3,22,20,9,6,11,8,7,83,0,0,0,0,0,0,1,0,0,White,0,1,0,0,0,0,male,NA,straight,NA,0,1,0,0,1,0,0,0,0,0,1,1,0,0,1,Cold War,1,0,0,0,1,0,1,0,1,0,0,0,0,0,0,0,Army,Service Completed,0,0,0,0,0,1,1,"(74.5,100]",Bachelors degree,Retired,Married,2,55,0,1,81
5,5,5,5,4,5,3,4,5,4,4,5,5,5,3,4,4,4,4,5,3,28,19,11,12,21,91,3,4,2,4,3,3,4,2,4,4,2,3,4,4,3,3,4,3,3,3,4,3,4,4,2,4,3,4,3,4,4,28,22,11,8,14,12,9,104,0,0,0,0,0,0,1,0,0,White,0,1,0,0,0,0,male,NA,straight,NA,0,1,0,0,1,0,0,0,0,0,1,1,0,0,1,Cold War,0,1,1,0,2,0,1,0,0,0,1,0,0,0,0,0,Marines,Service Completed,0,0,0,0,0,1,2,"(64.5,74.5]",Bachelors degree,Retired,Married,3,50,0,0,72
5,5,5,4,4,5,3,5,5,4,2,5,5,5,3,5,2,4,5,5,5,29,19,11,12,20,91,1,4,1,4,4,4,4,1,4,4,1,1,4,4,3,4,4,3,3,2,4,4,3,1,4,4,2,4,3,4,4,28,18,12,8,9,13,9,97,0,0,0,0,0,0,1,0,0,White,0,0,0,0,1,0,male,NA,straight,NA,0,1,0,0,1,0,0,0,0,0,1,1,0,0,1,Cold War,0,1,0,0,1,0,1,0,0,0,0,1,0,0,0,0,Navy,Voluntary Discharge,0,0,0,1,0.1,0,11,"(74.5,100]",Masters degree,Retired,Widowed,21,37,0,0,77
5,4,5,2,3,5,2,3,4,5,2,5,4,4,3,4,2,2,5,3,5,27,12,9,12,17,77,2,3,1,3,2,3,4,2,4,2,2,2,3,3,3,3,3,3,3,4,3,2,3,3,1,3,2,2,3,2,4,24,16,7,6,11,12,7,83,0,0,0,0,0,0,1,0,0,White,0,1,0,0,0,0,male,NA,straight,NA,0,1,0,0,1,0,0,0,0,0,1,1,0,0,1,Cold War,0,0,0,0,0,1,0,0,1,0,0,0,0,0,0,0,Army,Service Completed,0,0,0,0,0,1,0,"(64.5,74.5]",Some college,Retired,Widowed,7,45,0,0,71
5,5,4,5,3,3,3,3,4,3,3,5,4,4,3,3,2,4,4,4,5,23,16,11,12,17,79,1,3,2,2,3,3,3,2,4,3,3,1,3,3,2,2,2,2,2,2,3,1,4,1,1,2,1,3,2,2,3,21,10,9,5,9,8,9,71,0,0,0,0,0,0,1,0,0,White,0,0,0,0,0,1,male,NA,straight,NA,0,1,0,0,1,0,0,0,0,0,1,1,0,0,1,Cold War,0,1,0,0,1,0,1,0,0,0,0,1,0,0,0,0,Navy,Service Completed,0,0,0,0,0,0,10,"(74.5,100]",Applied or professional doctorate,Retired,Married,4,50,0,0,75
5,2,4,2,3,5,3,4,4,5,2,5,3,5,3,4,2,3,5,4,4,27,13,8,11,18,77,1,4,1,3,3,4,4,1,4,3,3,2,4,4,2,3,3,4,3,2,4,3,3,3,2,3,3,3,3,2,3,26,15,10,8,10,11,10,90,0,0,0,0,0,0,1,0,0,White,0,1,0,0,0,0,male,NA,straight,NA,0,1,0,0,1,0,0,0,0,0,1,1,0,0,1,Cold War,0,1,0,0,1,0,1,0,1,0,0,0,0,0,0,0,Army,Service Completed,0,0,0,0,0,1,1,"(64.5,74.5]",Bachelors degree,Retired,Married,3,48,0,0,71
5,5,4,5,4,5,3,3,4,3,4,5,4,4,4,4,3,4,2,5,5,24,17,12,13,19,85,2,4,1,4,3,4,4,3,4,4,3,2,4,4,3,4,4,3,4,2,3,3,2,3,3,4,2,4,4,3,4,28,18,12,7,12,15,9,101,0,0,0,0,0,0,1,0,0,White,0,1,0,0,0,0,male,NA,straight,NA,0,1,0,0,1,0,0,0,0,0,1,1,0,0,1,Cold War,0,1,0,0,1,0,1,1,0,0,0,0,0,0,0,0,Air Force,Service Completed,0,0,0,1,0.4,1,1,"(74.5,100]",Some college,Retired,Widowed,22,35,0,0,77
5,4,4,2,4,2,3,4,5,4,2,5,4,5,3,4,4,3,4,3,2,27,13,10,11,15,76,3,4,2,3,3,2,4,2,4,2,3,2,4,4,2,3,3,2,3,3,3,2,3,2,3,3,2,2,3,3,4,27,19,6,6,10,11,9,88,0,0,0,0,0,0,1,0,0,White,0,0,0,0,0,1,male,NA,straight,NA,0,1,0,0,1,0,0,0,0,0,1,0,0,1,1,Cold War,0,1,0,0,1,0,1,0,1,0,0,0,0,0,0,0,Army,Other,1,0,1,0,0,0,1,"(74.5,100]",Bachelors degree,Retired,Married,26,17,0,0,77
4,4,5,2,5,4,1,4,2,4,1,5,4,5,2,2,2,3,5,4,4,22,14,7,11,18,72,1,4,1,4,3,3,4,2,4,4,2,3,4,4,3,4,4,4,4,4,4,3,2,1,1,3,2,3,3,4,4,28,19,10,8,8,14,9,96,0,0,1,0,0,0,0,0,0,Black or African American,0,1,0,0,0,0,male,NA,straight,NA,0,1,0,0,1,0,0,0,0,0,0,0,0,1,0,Post-9/11,0,0,0,0,0,1,0,0,0,0,0,1,0,0,0,0,Navy,Service Completed,0,0,0,0,0,1,0,"(34.5,44.5]",Some college,Full Time,Married,5,16,0,0,41
4,4,4,3,4,5,2,3,4,5,2,5,3,4,2,4,3,2,5,4,4,25,13,8,12,18,76,2,4,2,4,2,3,4,2,4,4,3,2,4,4,3,3,4,3,3,2,4,2,3,3,3,3,2,3,3,3,3,27,18,10,7,11,12,9,94,0,0,0,0,0,0,1,0,0,White,0,1,0,0,0,0,female,NA,straight,NA,1,0,0,0,1,0,0,0,0,0,1,0,0,0,0,Cold War,0,0,0,0,0,1,0,0,0,0,0,1,0,0,0,0,Navy,Service Completed,0,0,0,0,0,1,0,"(54.5,64.5]",Associates degree,Retired,Married,6,38,0,1,63
5,5,5,5,3,4,2,3,4,4,2,5,5,5,3,4,2,1,5,4,5,27,17,10,12,15,81,1,4,3,4,3,4,4,2,4,4,3,3,4,4,2,2,3,3,2,3,4,3,2,3,3,3,3,3,2,3,4,28,19,11,9,10,8,10,95,0,0,0,0,0,0,1,0,0,White,0,0,0,0,0,1,male,NA,straight,NA,0,1,0,0,1,0,0,0,0,0,1,1,1,0,1,Cold War,0,1,0,0,1,0,1,0,0,0,0,1,0,0,0,0,Navy,Service Completed,0,0,0,0,0,0,2,"(64.5,74.5]",Masters degree,Part Time,Married,22,32,0,0,74
5,5,5,5,3,5,4,5,5,5,4,5,5,5,5,4,4,4,5,5,5,29,20,14,14,21,98,2,3,1,3,2,4,4,2,4,3,2,1,3,3,3,3,3,3,3,2,3,1,3,3,2,3,2,3,3,2,3,23,14,10,5,11,12,7,82,0,0,1,0,0,0,0,0,0,Black or African American,0,1,0,0,0,0,male,NA,straight,NA,0,1,0,0,1,0,0,0,0,0,1,0,0,0,0,Cold War,0,1,0,0,1,0,1,0,1,0,0,0,0,0,0,0,Army,Service Completed,0,0,0,0,0,1,1,"(64.5,74.5]",High school diploma or equivalent,Retired,Never married,4,40,0,0,69
5,3,4,2,4,3,2,2,3,4,2,5,4,5,2,5,2,3,5,4,2,26,12,7,9,17,71,2,4,2,4,2,3,4,3,4,3,3,3,4,4,3,3,3,3,3,3,4,3,1,3,3,4,4,3,3,4,4,28,22,9,8,11,12,9,99,0,0,0,0,0,0,1,0,0,White,0,1,0,0,0,0,male,NA,gay,NA,0,1,0,0,0,1,0,0,0,0,1,1,0,0,1,Cold War,0,1,0,0,1,0,1,0,1,0,0,0,0,0,0,0,Army,Service Completed,0,0,0,1,0,1,1,"(74.5,100]",High school diploma or equivalent,Retired,Divorced,3,53,0,0,76
5,5,5,5,4,5,5,5,5,5,4,5,5,5,5,5,5,3,5,5,5,30,20,15,15,21,101,2,4,2,4,3,4,4,1,4,4,1,1,4,4,4,4,4,3,4,3,4,2,2,3,2,4,2,3,4,4,4,28,18,11,7,10,16,8,98,0,0,0,0,0,0,1,0,0,White,0,1,0,0,0,0,female,NA,straight,NA,1,0,0,0,1,0,0,0,0,0,1,1,0,0,1,Cold War,0,0,0,0,0,1,0,0,0,0,1,0,0,0,0,0,Marines,Medical Discharge,0,1,1,0,0,1,0,"(74.5,100]",Bachelors degree,Retired,Married,2,55,0,0,75
5,4,5,2,4,2,2,2,4,4,2,5,4,4,1,5,1,2,5,5,4,27,13,7,10,15,72,3,4,3,3,3,3,4,2,4,2,3,3,3,3,3,3,3,3,3,2,3,2,3,3,3,3,3,3,3,2,3,24,19,8,8,11,12,9,91,0,0,1,0,0,0,0,0,0,Black or African American,0,1,0,0,0,0,male,NA,straight,NA,0,1,0,0,1,0,0,0,0,0,1,0,1,0,1,Cold War,1,0,0,0,1,0,1,0,1,0,0,0,0,0,0,0,Army,Service Completed,0,0,0,0,0,1,3,"(64.5,74.5]",High school diploma or equivalent,Retired,Married,15,25,0,0,69
5,5,5,2,2,2,4,2,5,5,2,5,5,5,3,4,2,3,2,4,5,29,13,12,12,11,77,3,4,3,3,3,4,4,3,4,4,3,2,4,4,3,3,3,3,3,3,3,3,4,4,3,3,2,4,3,3,3,26,19,12,9,14,12,9,101,0,0,0,0,0,0,1,0,0,White,0,1,0,0,0,0,male,NA,straight,NA,0,1,0,0,1,0,0,0,0,0,0,0,0,1,0,Post-9/11,0,1,0,0,1,0,1,0,1,0,0,0,0,0,0,0,Army,Service Completed,0,0,0,0,0,1,1,"(54.5,64.5]",Bachelors degree,Full Time,Married,4,15,0,0,64
5,4,4,1,2,5,2,4,4,4,2,5,2,4,3,4,2,2,5,3,4,25,10,9,11,16,71,1,3,2,1,3,3,3,2,4,3,3,2,3,3,2,3,3,3,3,3,3,2,3,2,2,2,3,3,3,3,3,20,17,9,7,9,11,9,82,0,0,0,0,0,0,1,0,0,White,0,1,0,0,0,0,female,NA,straight,NA,1,0,0,0,1,0,0,0,0,0,0,0,1,0,0,Persian Gulf: Pre-9/11,0,0,1,0,1,0,1,1,0,0,0,0,0,0,0,0,Air Force,Voluntary Discharge,0,0,0,0,0,1,0,"(44.5,54.5]",Some college,Unemployed,Married,6,25,0,1,49
5,5,5,4,4,5,3,3,5,5,4,5,5,5,4,5,4,5,5,4,5,30,16,12,14,23,95,2,4,2,3,2,4,4,2,4,3,3,2,4,4,3,3,3,2,3,2,4,3,3,3,1,3,1,3,3,3,4,27,14,10,7,11,12,9,90,0,0,0,0,0,0,1,0,0,White,0,0,0,0,0,1,male,NA,straight,NA,0,1,0,0,1,0,0,0,0,0,1,1,0,0,1,Cold War,0,1,1,0,2,0,1,0,1,0,0,0,0,0,0,0,Army,Voluntary Discharge,0,0,0,0,0,0,1,"(74.5,100]",Masters degree,Retired,Married,16,39,0,0,77
2,3,4,2,2,4,3,5,4,4,1,1,4,4,2,3,2,4,2,5,2,21,16,8,5,13,63,2,2,1,2,2,2,2,1,2,2,1,2,2,2,2,2,3,2,2,2,2,2,2,2,2,2,2,2,2,2,3,15,15,6,5,7,8,5,61,0,0,0,0,0,0,1,0,0,White,1,0,0,0,0,0,female,NA,straight,NA,1,0,0,0,1,0,0,0,0,0,1,0,0,0,0,Cold War,0,0,0,0,0,1,0,0,0,0,0,1,0,0,0,0,Navy,Other,1,0,1,0,0,1,0,"(54.5,64.5]",Associates degree,Unemployed,Married,2,34,0,1,55
5,3,4,2,2,2,2,5,3,3,2,5,5,4,2,3,3,2,2,4,4,22,16,7,12,10,67,3,4,4,4,3,3,2,4,4,4,3,3,3,4,2,2,4,3,3,4,4,3,4,4,3,4,4,4,2,4,4,25,25,11,10,16,9,10,106,0,0,0,0,0,0,1,0,0,White,0,1,0,0,0,0,male,NA,straight,NA,0,1,0,0,1,0,0,0,0,0,1,1,0,0,1,Cold War,0,1,0,0,1,0,1,0,1,0,0,0,0,0,0,0,Army,Service Completed,0,0,0,1,0.3,1,1,"(74.5,100]",Bachelors degree,Retired,Married,6,49,1,1,75
5,4,5,3,2,4,3,4,4,4,3,5,5,5,3,4,2,2,4,4,5,27,16,10,12,15,80,2,3,2,3,2,3,4,2,4,3,2,2,4,4,4,4,4,3,3,3,3,3,3,3,2,3,2,3,3,3,3,25,18,9,8,11,14,7,92,0,0,0,0,0,0,1,0,0,White,0,1,0,0,0,0,male,NA,straight,NA,0,1,0,0,1,0,0,0,0,0,1,1,0,0,1,Cold War,0,1,0,0,1,0,1,0,1,0,0,0,0,0,0,0,Army,Service Completed,0,0,0,0,0,1,2,"(74.5,100]",Some college,Retired,Widowed,6.5,53,0,0,80
5,1,3,1,4,1,1,5,5,4,1,2,5,5,1,3,1,3,5,2,4,25,13,3,7,14,62,2,4,1,4,2,1,4,3,4,3,1,1,3,4,2,2,1,2,2,2,4,1,3,4,1,2,1,2,1,3,3,26,11,6,4,12,7,7,73,0,0,0,0,0,0,1,0,0,White,0,1,0,0,0,0,male,NA,straight,NA,0,1,0,0,1,0,0,0,0,0,0,0,0,1,0,Post-9/11,1,0,0,0,1,0,1,0,1,0,0,0,0,0,0,0,Army,Service Completed,0,0,0,0,0,1,1,"(34.5,44.5]",Associates degree,Full Time,Married,8,7,0,1,35
4,2,2,2,2,3,3,5,3,3,3,4,4,5,4,2,2,3,3,3,3,19,14,9,9,14,65,2,3,1,3,2,3,4,2,3,4,2,2,3,3,2,2,2,3,2,3,3,2,3,3,2,3,2,4,2,3,2,21,16,11,6,11,8,7,80,0,0,0,0,0,0,1,0,0,White,0,0,0,0,1,0,female,NA,straight,NA,1,0,0,0,1,0,0,0,0,0,1,1,0,0,1,Cold War,0,0,0,0,0,1,0,1,0,0,0,0,0,0,0,0,Air Force,Service Completed,0,0,0,0,0,0,0,"(64.5,74.5]",Masters degree,Retired,Married,5,43,0,1,70
3,1,5,2,5,4,2,3,4,5,4,4,5,4,5,5,1,2,3,5,3,26,15,8,8,18,75,4,4,4,4,2,2,3,3,4,4,1,2,4,4,4,4,4,4,4,3,4,3,2,2,3,3,4,3,3,2,3,26,22,9,11,10,15,7,100,0,0,0,0,0,0,1,0,0,White,0,1,0,0,0,0,female,NA,straight,NA,1,0,0,0,1,0,0,0,0,0,0,0,0,1,0,Post-9/11,0,0,1,0,1,0,1,0,0,0,0,0,0,1,0,0,Public Health Service,Voluntary Discharge,0,0,0,0,0,1,0,"(34.5,44.5]",Bachelors degree,Full Time,Married,3,6,0,1,36
4,2,5,5,4,5,5,5,5,5,2,4,4,5,5,4,4,2,4,5,4,28,19,12,12,17,88,2,3,1,4,3,4,4,2,4,3,4,2,3,3,3,3,2,2,3,2,4,2,3,3,3,3,1,3,3,3,3,24,15,10,5,11,12,11,88,0,0,0,0,0,0,1,0,0,White,0,1,0,0,0,0,male,NA,straight,NA,0,1,0,0,1,0,0,0,0,0,1,0,0,0,0,Cold War,0,1,0,0,1,0,1,0,1,0,0,0,0,0,0,0,Army,Service Completed,0,0,0,0,0,1,1,"(64.5,74.5]",Bachelors degree,Retired,Never married,5,37,0,0,68
5,3,2,1,3,5,4,5,4,3,5,2,5,3,2,2,3,3,5,5,2,19,16,9,7,21,72,1,3,1,1,1,1,4,1,4,4,1,3,3,3,2,2,4,3,2,2,3,2,3,3,2,2,2,2,2,4,3,21,18,7,6,9,8,5,74,0,1,0,0,0,0,1,0,1,Multiple,1,0,0,0,0,0,female,NA,straight,NA,1,0,0,0,1,0,0,0,0,0,0,0,1,0,0,Persian Gulf: Pre-9/11,0,1,0,0,1,0,1,0,0,0,0,1,0,0,0,0,Navy,Medical Discharge,0,1,1,0,0,1,6,"(34.5,44.5]",Some college,Full Time,Married,2,23,1,1,44
3,4,4,2,3,4,2,4,4,4,3,5,4,4,4,3,4,4,4,4,5,22,14,10,14,18,78,3,3,1,3,3,4,4,2,4,2,1,3,3,3,3,3,3,3,3,2,3,3,3,3,2,3,3,3,3,3,3,23,19,9,7,11,12,7,88,0,0,0,0,0,0,1,0,0,White,0,1,0,0,0,0,female,NA,straight,NA,1,0,0,0,1,0,0,0,0,0,1,1,0,0,1,Cold War,0,0,0,0,0,1,0,0,1,0,0,0,0,0,0,0,Army,Service Completed,0,0,0,0,0,1,0,"(64.5,74.5]",Bachelors degree,Part Time,Divorced,4,44,0,0,66
5,5,5,4,5,2,4,4,5,4,4,4,4,5,4,4,2,4,4,5,4,28,17,13,10,19,87,3,3,2,3,2,3,4,3,4,4,3,2,3,4,3,3,4,3,3,4,3,2,2,2,3,3,2,3,3,3,3,24,21,10,7,10,12,8,92,0,0,0,0,0,0,1,0,0,White,0,1,0,0,0,0,male,NA,straight,NA,0,1,0,0,1,0,0,0,0,0,1,0,1,0,1,Cold War,0,1,0,0,1,0,1,0,1,0,0,0,0,0,0,0,Army,Service Completed,0,0,0,0,0,1,1,"(54.5,64.5]",High school diploma or equivalent,Retired,Divorced,8,28,0,0,64
5,3,5,2,4,5,5,5,5,5,3,5,5,5,3,5,2,5,5,5,3,30,17,11,10,22,90,1,4,2,4,3,4,4,2,4,3,2,1,4,4,3,3,3,3,3,2,3,1,2,3,2,3,2,2,3,3,3,27,14,9,6,10,12,8,86,0,0,0,0,0,0,1,0,0,White,0,0,0,0,1,0,female,NA,straight,NA,1,0,0,0,1,0,0,0,0,0,1,0,0,0,0,Cold War,0,0,0,0,0,1,0,0,1,0,0,0,0,0,0,0,Army,Voluntary Discharge,0,0,0,0,0,0,0,"(64.5,74.5]",Masters degree,Retired,Married,5,42,0,0,66
5,5,5,5,3,5,2,4,5,5,2,5,5,5,2,5,4,2,5,5,5,30,19,9,14,17,89,1,4,3,4,2,4,4,4,4,4,3,2,4,4,3,3,4,2,3,3,4,3,4,4,4,4,2,4,3,3,4,28,19,12,8,16,12,9,104,0,0,0,0,0,0,1,0,0,White,0,0,0,0,1,0,male,NA,straight,NA,0,1,0,0,1,0,0,0,0,0,1,1,0,0,1,Cold War,0,1,0,1,2,0,1,0,1,0,0,0,0,0,0,0,Army,Service Completed,0,0,0,0,0,0,1,"(74.5,100]",Bachelors degree,Retired,Married,7,51,0,0,76
3,4,4,2,2,3,2,4,5,5,2,5,5,4,3,4,2,2,5,4,2,25,15,9,9,14,72,3,4,3,3,3,4,4,2,4,4,3,3,4,4,2,3,3,3,3,2,3,3,3,3,4,3,2,3,3,3,4,27,20,11,9,11,11,9,98,0,0,0,0,0,0,1,0,0,White,1,0,0,0,0,0,female,NA,straight,NA,1,0,0,0,1,0,0,0,0,0,1,1,0,0,1,Cold War,0,0,0,0,0,1,0,0,0,0,1,0,0,0,0,0,Marines,Medical Discharge,0,1,1,0,0,1,0,"(74.5,100]",Associates degree,Retired,Married,2,58,0,0,77
5,5,5,2,2,5,1,3,3,4,2,5,5,5,4,4,4,3,5,4,5,26,14,10,14,17,81,2,4,2,4,4,4,4,1,4,4,3,1,4,4,3,3,4,3,3,2,4,2,4,2,4,3,3,2,3,4,4,28,20,10,7,10,12,11,98,0,0,0,0,0,0,1,0,0,White,0,1,0,0,0,0,male,NA,straight,NA,0,1,0,0,1,0,0,0,0,0,1,1,0,0,1,Cold War,0,1,0,0,1,0,1,0,1,0,0,0,0,0,0,0,Army,Voluntary Discharge,0,0,0,0,0,1,1,"(74.5,100]",Bachelors degree,Part Time,Married,6,54,0,0,78
4,4,2,4,2,4,2,5,2,4,2,1,5,2,3,1,4,4,1,4,2,15,18,9,7,13,62,2,3,1,1,2,2,1,2,3,3,1,2,2,3,3,3,2,1,3,2,2,1,2,3,1,2,3,1,3,2,3,16,14,6,3,9,12,5,65,0,0,0,0,0,0,1,0,0,White,1,0,0,0,0,0,male,NA,straight,NA,0,1,0,0,1,0,0,0,0,0,1,0,0,0,0,Cold War,0,0,0,0,0,1,0,0,0,0,0,1,0,0,0,0,Navy,Medical Discharge,0,1,1,1,0.1,1,0,"(54.5,64.5]",Some college,Unemployed,Never married,1,34,0,0,55
5,4,3,2,4,3,1,3,5,5,3,5,4,5,2,3,3,3,5,4,3,26,13,7,11,18,75,3,3,1,4,3,3,4,2,4,4,2,3,3,3,2,3,4,3,3,2,4,2,4,3,3,3,2,3,2,3,3,24,20,10,6,12,10,9,91,0,0,0,0,0,0,1,0,0,White,0,1,0,0,0,0,female,NA,straight,NA,1,0,0,0,1,0,0,0,0,0,1,0,0,0,0,Cold War,0,1,0,0,1,0,1,0,1,0,0,0,0,0,0,0,Army,Service Completed,0,0,0,1,0.3,1,1,"(54.5,64.5]",Associates degree,Retired,Widowed,3,44,0,1,63
5,4,5,4,5,5,2,5,5,5,5,5,5,5,4,5,5,5,5,5,5,30,19,10,15,25,99,3,4,3,4,3,4,4,3,4,3,3,3,4,4,4,4,3,3,4,4,4,3,4,4,3,4,3,3,4,4,4,28,23,10,9,15,16,10,111,0,0,0,0,0,0,1,0,0,White,0,1,0,0,0,0,male,NA,straight,NA,0,1,0,0,1,0,0,0,0,0,1,0,0,0,0,Cold War,0,1,0,0,1,0,1,0,0,0,0,1,0,0,0,0,Navy,Service Completed,0,0,0,0,0,1,3,"(64.5,74.5]",Bachelors degree,Retired,Never married,4,39,0,0,69
5,5,5,2,5,5,2,4,5,5,2,5,5,5,3,4,2,4,5,4,5,29,15,10,12,21,87,2,3,2,4,3,4,4,2,4,4,3,3,4,4,3,3,3,3,3,3,4,3,3,3,3,3,2,3,4,3,4,27,19,11,8,11,13,10,99,0,0,0,0,0,0,1,0,0,White,0,1,0,0,0,0,female,NA,straight,NA,1,0,0,0,1,0,0,0,0,0,0,0,0,1,0,Post-9/11,0,0,0,0,0,1,0,0,0,0,0,0,0,1,0,0,Public Health Service,Service Completed,0,0,0,0,0,1,0,"(34.5,44.5]",Some college,Part Time,Never married,3,5,0,0,37
5,2,5,2,5,5,2,3,5,5,2,5,5,5,2,5,2,4,5,4,5,30,14,6,12,21,83,2,4,3,4,3,3,4,1,4,3,4,2,4,4,2,3,3,2,3,3,4,3,3,3,2,3,2,3,2,4,4,28,18,9,8,10,10,11,94,0,0,0,0,0,0,1,0,0,White,0,0,0,0,1,0,male,NA,straight,NA,0,1,0,0,1,0,0,0,0,0,1,1,0,0,1,Cold War,0,1,1,0,2,0,1,1,0,0,0,0,0,0,0,0,Air Force,Voluntary Discharge,0,0,0,0,0,0,1,"(74.5,100]",Masters degree,Retired,Married,10,43,0,0,76
2,3,2,2,2,2,2,4,4,4,2,2,5,3,1,4,2,3,2,4,1,19,15,6,5,11,56,2,3,2,4,3,1,3,2,3,3,4,1,3,3,3,3,2,2,3,2,4,2,2,3,3,3,2,2,3,3,4,23,15,6,6,10,12,11,83,0,0,0,0,0,0,1,0,0,White,0,1,0,0,0,0,male,NA,straight,NA,0,1,0,0,1,0,0,0,0,0,0,0,1,1,1,Persian Gulf: Pre-9/11,1,0,0,0,1,0,1,0,1,0,0,0,0,0,0,0,Army,Medical Discharge,0,1,1,1,0.1,1,1,"(34.5,44.5]",Associates degree,Retired,Divorced,13,10,1,1,41
5,5,5,2,2,5,5,5,5,5,5,5,5,3,3,4,2,4,2,5,3,27,17,13,10,18,85,2,3,1,2,3,3,3,1,4,4,1,2,3,3,3,3,2,2,3,2,3,1,2,2,2,3,1,3,2,2,3,21,13,10,4,8,11,7,74,0,0,1,0,0,0,0,0,0,Black or African American,0,1,0,0,0,0,male,NA,straight,NA,0,1,0,0,1,0,0,0,0,0,1,0,0,0,0,Cold War,0,1,0,0,1,0,1,0,1,0,0,0,0,0,0,0,Army,Service Completed,0,0,0,0,0,1,1,"(74.5,100]",Bachelors degree,Retired,Married,6,60,0,0,85
5,5,5,5,3,5,2,5,5,4,4,5,5,5,5,5,2,3,5,5,5,29,20,12,12,20,93,3,4,2,3,2,4,4,3,4,4,3,3,3,4,2,2,3,2,3,2,3,2,2,2,2,2,2,3,2,3,3,25,18,11,6,9,9,8,86,0,0,0,0,0,0,1,0,0,White,0,1,0,0,0,0,male,NA,straight,NA,0,1,0,0,1,0,0,0,0,0,1,1,0,0,1,Cold War,0,1,1,0,2,0,1,0,1,0,0,0,0,0,0,0,Army,Service Completed,0,0,0,0,0,1,1,"(74.5,100]",Masters degree,Retired,Married,3,54,0,0,77
5,5,3,4,3,5,3,4,5,5,2,5,3,4,3,3,2,2,2,5,2,25,16,11,9,14,75,1,3,1,3,2,2,4,2,4,3,1,2,3,4,3,3,3,2,3,1,3,1,2,2,2,2,1,3,3,3,3,24,13,8,4,8,12,6,75,0,0,0,0,0,0,1,0,0,White,0,1,0,0,0,0,male,NA,straight,NA,0,1,0,0,1,0,0,0,0,0,1,1,0,0,1,Cold War,0,0,0,0,0,1,0,0,1,0,0,0,0,0,0,0,Army,Service Completed,0,0,0,0,0,1,0,"(74.5,100]",Bachelors degree,Retired,Married,6,59,0,1,83
1,3,1,1,3,2,2,4,1,3,2,3,4,1,1,1,3,3,1,3,3,8,12,6,9,11,46,1,1,1,1,2,1,1,1,1,1,1,1,1,1,3,3,1,1,3,2,1,1,1,1,1,1,2,3,3,2,2,8,10,5,3,4,12,4,46,0,1,0,0,0,0,1,0,1,Multiple,0,1,0,0,0,0,male,NA,straight,NA,0,1,0,0,1,0,0,0,0,0,1,0,0,0,0,Cold War,1,0,0,1,2,0,1,1,0,0,0,0,0,0,0,0,Air Force,Service Completed,0,0,0,0,0,1,1,"(54.5,64.5]",Bachelors degree,Full Time,Divorced,4,38,0,1,60
5,4,5,3,4,3,2,4,4,5,2,4,4,4,3,4,4,3,2,4,3,27,15,9,11,14,76,2,3,2,3,3,3,3,2,3,3,3,3,3,3,3,3,3,3,3,3,3,2,2,3,2,3,2,3,3,3,3,21,18,9,7,10,12,9,86,0,0,0,0,0,0,1,0,0,White,1,0,0,0,0,0,male,NA,straight,NA,0,1,0,0,1,0,0,0,0,0,1,0,1,0,1,Cold War,1,0,0,0,1,0,1,0,0,0,1,0,0,0,0,0,Marines,Service Completed,0,0,0,0,0,1,4,"(44.5,54.5]",High school diploma or equivalent,Full Time,Married,8,28,0,1,54
3,2,3,2,3,3,2,4,1,2,1,5,4,1,3,1,2,2,2,3,4,11,13,7,11,11,53,3,3,2,3,3,3,3,3,4,2,3,3,3,3,2,2,3,2,2,3,3,2,3,3,2,3,3,3,2,3,3,22,20,8,6,12,8,9,85,0,0,0,0,0,0,1,0,0,White,0,1,0,0,0,0,male,NA,straight,NA,0,1,0,0,1,0,0,0,0,0,1,1,0,0,1,Cold War,1,0,0,0,1,0,1,0,1,0,0,0,0,0,0,0,Army,Voluntary Discharge,0,0,0,1,0.4,1,1,"(64.5,74.5]",Some college,Retired,Widowed,8,47,0,0,73
5,3,4,2,2,3,1,3,5,3,1,1,3,3,1,3,3,3,5,3,1,23,11,5,5,14,58,2,4,2,4,1,2,4,3,4,4,1,4,4,4,4,4,4,4,4,3,4,1,2,3,4,3,4,1,4,3,4,28,24,7,7,11,16,6,99,0,0,1,0,0,0,0,0,0,Black or African American,0,1,0,0,0,0,male,NA,straight,NA,0,1,0,0,1,0,0,0,0,0,0,0,0,1,0,Post-9/11,0,0,0,0,0,1,0,0,1,0,0,0,0,0,0,0,Army,Service Completed,0,0,0,1,0.6,1,0,"(18,34.5]",Some college,Unemployed,Never married,4,8,0,1,34
5,3,4,2,4,2,1,3,5,1,2,5,4,5,2,5,2,3,5,5,2,25,14,6,9,16,70,3,4,4,3,2,3,4,2,4,4,3,3,4,4,3,3,3,3,3,3,3,4,3,3,4,3,3,4,3,4,4,27,23,11,11,11,12,8,103,0,0,0,0,0,0,1,0,0,White,0,1,0,0,0,0,male,NA,straight,NA,0,1,0,0,1,0,0,0,0,0,1,1,0,0,1,Cold War,0,1,1,0,2,0,1,0,1,0,0,0,0,0,0,0,Army,Voluntary Discharge,0,0,0,0,0,1,3,"(74.5,100]",High school diploma or equivalent,Retired,Married,13,35,0,0,77
5,2,5,2,4,3,3,4,5,5,3,5,5,5,3,5,3,2,5,4,5,30,15,8,13,17,83,3,4,3,3,3,3,4,2,4,4,3,3,4,4,3,3,3,3,3,3,3,2,3,3,3,3,3,3,3,3,3,26,21,10,8,11,12,9,97,0,0,0,0,0,0,1,0,0,White,0,1,0,0,0,0,male,NA,straight,NA,0,1,0,0,1,0,0,0,0,0,1,1,1,0,1,Cold War,0,0,0,0,0,1,0,0,1,0,0,0,0,0,0,0,Army,Service Completed,0,0,0,1,0.3,1,0,"(64.5,74.5]",Some college,Retired,Divorced,20,32,0,0,69
2,2,2,1,4,2,1,1,2,2,1,3,2,4,2,4,2,3,4,1,3,16,5,5,8,14,48,2,3,2,3,3,3,3,1,3,2,3,2,3,3,2,2,3,3,2,2,4,2,2,3,2,3,3,2,2,3,3,21,17,7,7,9,8,10,79,0,0,0,0,0,0,1,0,0,White,0,1,0,0,0,0,male,NA,straight,NA,0,1,0,0,1,0,0,0,0,0,0,0,0,1,0,Post-9/11,1,1,0,1,3,0,1,0,0,0,0,1,0,0,0,0,Navy,Service Completed,0,0,0,0,0,1,5,"(34.5,44.5]",Some college,Full Time,Never married,4,10,1,1,36
5,5,5,5,3,5,3,2,3,5,3,5,2,4,5,4,5,5,5,5,3,26,14,13,13,21,87,1,4,1,4,2,4,4,1,4,4,1,2,4,4,4,3,3,3,3,3,3,2,3,3,1,3,1,3,3,3,4,28,14,11,6,10,13,6,88,0,0,0,0,0,0,1,0,0,White,0,1,0,0,0,0,male,NA,straight,NA,0,1,0,0,1,0,0,0,0,0,1,1,0,0,1,Cold War,0,0,1,0,1,0,1,0,1,0,0,0,0,0,0,0,Army,Service Completed,0,0,0,0,0,1,0,"(74.5,100]",Associates degree,Retired,Married,2,54,0,0,76
3,5,5,4,4,5,3,5,5,5,4,5,5,4,3,5,4,4,5,4,5,27,18,11,14,22,92,2,4,3,4,2,4,4,1,4,4,2,2,4,4,3,3,3,3,3,2,4,2,3,3,2,3,2,3,3,3,4,28,16,11,8,10,12,8,93,0,0,0,0,0,0,1,0,0,White,1,0,0,0,0,0,female,NA,straight,NA,1,0,0,0,1,0,0,0,0,0,1,1,0,0,1,Cold War,0,0,0,0,0,1,0,0,1,0,0,0,0,0,0,0,Army,Medical Discharge,0,1,1,0,0,1,0,"(64.5,74.5]",Some college,Full Time,Married,2,47,0,0,67
5,3,5,3,3,5,3,3,4,3,3,5,4,3,3,5,3,3,5,4,3,25,14,9,11,19,78,3,4,2,3,3,3,3,2,4,3,3,3,4,3,3,3,3,2,3,3,3,2,3,3,2,3,2,2,3,2,3,24,18,8,6,11,12,9,88,0,0,0,0,0,0,1,0,0,White,1,0,0,0,0,0,male,NA,straight,NA,0,1,0,0,1,0,0,0,0,0,1,1,0,0,1,Cold War,0,0,1,0,1,0,1,1,0,0,0,0,0,0,0,0,Air Force,Service Completed,0,0,0,0,0,1,0,"(64.5,74.5]",Associates degree,Retired,Married,4,48,0,0,73
5,4,5,2,4,4,3,4,5,5,4,5,4,5,4,5,5,4,5,5,5,30,15,11,15,21,92,2,4,2,3,2,3,4,2,4,3,2,2,4,4,4,4,3,2,4,3,3,2,3,2,1,3,2,3,4,2,4,27,15,9,6,10,16,7,90,0,0,0,0,0,0,1,0,0,White,0,1,0,0,0,0,male,NA,straight,NA,0,1,0,0,1,0,0,0,0,0,1,1,0,0,1,Cold War,0,0,0,0,0,1,0,0,1,0,0,0,0,0,0,0,Army,Service Completed,0,0,0,0,0,1,0,"(64.5,74.5]",Some college,Retired,Married,6,47,0,0,69
1,3,3,1,3,3,1,5,3,3,2,1,5,5,1,2,1,3,1,2,1,17,13,5,3,12,50,3,3,1,2,3,2,2,1,4,4,3,3,3,4,1,3,3,4,2,3,4,3,1,4,2,4,2,2,3,3,4,22,19,8,8,10,9,10,86,0,1,1,0,0,0,1,0,1,Multiple,1,0,0,0,0,0,female,NA,straight,NA,1,0,0,0,1,0,0,0,0,0,1,0,1,0,1,Cold War,0,0,0,0,0,1,0,0,1,0,0,0,0,0,0,0,Army,Medical Discharge,0,1,1,1,0.9,1,0,"(64.5,74.5]",Some college,Retired,Divorced,6,29,1,1,67
5,5,5,3,2,5,4,4,5,5,3,5,4,5,4,5,2,2,5,5,5,30,16,13,12,17,88,1,4,1,4,2,4,4,1,4,4,1,2,4,4,3,3,3,2,3,2,4,1,3,3,2,3,1,3,2,3,3,27,14,11,4,10,11,7,84,0,0,0,0,0,0,1,0,0,White,0,1,0,0,0,0,male,NA,straight,NA,0,1,0,0,1,0,0,0,0,0,1,1,0,0,1,Cold War,0,1,0,0,1,0,1,0,0,0,0,1,0,0,0,0,Navy,Voluntary Discharge,0,0,0,0,0,1,2,"(64.5,74.5]",Associates degree,Retired,Married,4,46,0,0,70
5,3,5,5,3,5,3,3,4,5,3,5,5,5,4,5,5,3,5,5,5,29,18,10,15,19,91,2,4,2,3,1,4,4,2,1,4,2,2,4,4,3,3,3,2,3,2,3,2,2,3,2,3,1,3,3,3,3,23,15,11,6,10,12,6,83,0,0,0,0,0,0,1,0,0,White,0,1,0,0,0,0,male,NA,straight,NA,0,1,0,0,1,0,0,0,0,0,1,1,0,0,1,Cold War,0,0,0,0,0,1,0,0,1,0,0,0,0,0,0,0,Army,Service Completed,0,0,0,0,0,1,0,"(74.5,100]",High school diploma or equivalent,Retired,Married,6,59,0,0,80
2,3,3,3,4,5,2,1,4,3,5,5,5,5,2,4,3,5,5,4,2,21,13,7,10,24,75,1,3,1,1,1,1,3,1,4,2,2,1,3,3,3,3,3,1,3,2,2,1,1,1,1,1,1,1,3,3,3,20,12,4,3,4,12,5,60,0,0,0,0,0,0,1,0,0,White,0,0,0,0,0,1,male,NA,gay,NA,0,1,0,0,0,1,0,0,0,0,0,0,1,1,1,Persian Gulf: Pre-9/11,0,1,1,1,3,0,1,0,0,0,0,1,0,0,0,0,Navy,Voluntary Discharge,0,0,0,1,0.3,0,3,"(54.5,64.5]",Masters degree,Retired,Widowed,14,18,0,1,63
5,2,3,2,4,4,3,3,4,2,4,5,4,4,4,3,2,4,4,2,3,21,11,9,10,20,71,2,3,2,3,3,2,3,2,3,3,2,3,3,3,2,2,2,2,2,3,3,2,3,2,2,3,2,3,2,3,3,21,17,8,6,10,8,8,78,0,1,1,0,0,0,1,0,1,Multiple,1,0,0,0,0,0,female,NA,straight,NA,1,0,0,0,1,0,0,0,0,0,1,0,0,0,0,Cold War,0,0,0,0,0,1,0,0,0,0,0,1,0,0,0,0,Navy,Medical Discharge,0,1,1,0,0,1,0,"(54.5,64.5]",Masters degree,Full Time,Divorced,2,35,0,1,56
5,5,4,4,4,5,3,3,4,3,4,5,4,5,3,4,4,3,5,5,5,25,16,11,14,21,87,1,4,1,3,3,4,4,3,4,4,2,2,4,4,3,3,3,2,3,3,3,2,4,4,2,3,1,3,2,3,3,26,15,11,5,14,11,8,90,0,0,0,0,0,0,1,0,0,White,0,1,0,0,0,0,male,NA,straight,NA,0,1,0,0,1,0,0,0,0,0,1,1,0,0,1,Cold War,0,0,0,0,0,1,0,0,1,0,0,0,0,0,0,0,Army,Service Completed,0,0,0,0,0,1,0,"(74.5,100]",High school diploma or equivalent,Retired,Divorced,3,54,0,0,76
1,1,1,2,2,2,1,5,4,2,1,1,4,2,2,1,1,1,1,2,1,11,13,4,3,7,38,3,3,4,3,4,2,3,3,2,3,4,3,2,2,1,2,3,4,3,4,4,4,4,4,4,4,3,1,3,4,4,19,24,6,12,15,9,12,97,0,0,0,0,0,0,1,0,0,White,0,1,0,0,0,0,male,NA,straight,NA,0,1,0,0,1,0,0,0,0,0,0,0,1,0,0,Persian Gulf: Pre-9/11,0,1,0,0,1,0,1,0,0,0,0,1,0,0,0,0,Navy,Service Completed,0,0,0,0,0,1,8,"(54.5,64.5]",Masters degree,Full Time,Married,8,25,0,1,61
4,3,4,2,4,4,2,4,5,5,2,5,5,5,3,4,2,3,5,4,5,27,15,8,12,18,80,2,4,3,4,3,3,4,2,4,4,3,2,4,4,3,4,3,3,4,3,4,3,4,4,4,4,3,3,4,3,4,28,20,10,9,14,15,10,106,0,0,0,0,0,0,1,0,0,White,0,1,0,0,0,0,female,NA,straight,NA,1,0,0,0,1,0,0,0,0,0,1,1,0,0,1,Cold War,0,0,0,0,0,1,0,1,0,0,0,0,0,0,0,0,Air Force,Service Completed,0,0,0,0,0,1,0,"(64.5,74.5]",Associates degree,Retired,Divorced,4,47,0,0,73
4,4,4,3,4,4,3,4,4,4,4,5,3,4,3,4,2,3,3,4,5,24,14,10,12,18,78,2,4,2,3,3,3,4,2,4,3,3,2,3,3,2,3,3,2,3,2,2,2,3,2,2,2,2,3,3,3,3,24,16,9,6,9,11,8,83,0,0,0,0,0,0,1,0,0,White,0,1,0,0,0,0,male,NA,straight,NA,0,1,0,0,1,0,0,0,0,0,1,1,0,0,1,Cold War,0,0,0,0,0,1,0,0,1,0,0,0,0,0,0,0,Army,Service Completed,0,0,0,0,0,1,0,"(74.5,100]",High school diploma or equivalent,Retired,Married,2,58,0,0,77
3,3,4,2,2,4,3,5,4,3,3,5,5,4,3,4,3,3,5,5,5,22,17,9,13,17,78,4,4,4,4,3,4,4,3,4,4,3,4,4,4,3,3,4,4,3,4,4,1,4,4,3,4,3,4,3,4,4,28,26,12,9,15,12,10,112,0,0,0,0,0,0,1,0,0,White,0,1,0,0,0,0,male,NA,straight,NA,0,1,0,0,1,0,0,0,0,0,1,1,0,0,1,Cold War,0,1,1,0,2,0,1,0,1,0,0,0,0,0,0,0,Army,Service Completed,0,0,0,1,0.7,1,1,"(74.5,100]",High school diploma or equivalent,Retired,Married,2,53,1,1,75
4,4,4,2,2,4,2,5,4,4,2,4,5,4,2,3,2,2,3,5,3,23,17,8,9,13,70,2,3,1,3,3,2,2,2,3,3,2,3,3,3,2,2,3,2,3,2,3,2,2,2,2,2,2,2,2,3,3,20,17,7,5,8,9,8,74,0,0,0,0,0,0,1,0,0,White,0,1,0,0,0,0,female,NA,straight,NA,1,0,0,0,1,0,0,0,0,0,1,0,0,0,0,Cold War,0,0,0,0,0,1,0,0,1,0,0,0,0,0,0,0,Army,Service Completed,0,0,0,0,0,1,0,"(64.5,74.5]",Bachelors degree,Retired,Divorced,4,35,0,1,65
5,5,5,5,3,5,3,2,5,5,3,5,4,5,5,5,5,5,5,2,5,30,13,13,15,21,92,1,4,3,4,4,4,4,2,4,4,2,2,4,4,4,4,4,4,4,3,4,2,4,3,4,4,2,3,3,3,4,28,19,11,9,13,15,10,105,0,0,0,0,0,0,1,0,0,White,0,1,0,0,0,0,male,NA,straight,NA,0,1,0,0,1,0,0,0,0,0,1,0,0,0,0,Cold War,0,0,0,0,0,1,0,1,0,0,0,0,0,0,0,0,Air Force,Service Completed,0,0,0,0,0,1,0,"(64.5,74.5]",High school diploma or equivalent,Retired,Married,6,40,0,0,65
5,4,5,2,4,2,2,4,5,5,2,5,5,5,4,5,4,4,5,4,5,30,15,10,14,17,86,3,4,1,4,4,4,4,3,4,4,4,4,4,4,2,3,3,4,3,4,4,3,4,4,2,4,2,4,3,3,4,28,21,12,8,15,11,12,107,0,0,0,0,0,0,1,0,0,White,0,1,0,0,0,0,male,NA,straight,NA,0,1,0,0,1,0,0,0,0,0,1,1,0,0,1,Cold War,1,0,0,0,1,0,1,0,0,0,0,1,0,0,0,0,Navy,Service Completed,0,0,0,0,0,1,1,"(74.5,100]",Associates degree,Retired,Married,6,53,0,1,77
5,4,5,2,5,4,5,4,5,5,3,4,3,5,5,5,4,5,5,5,5,30,14,14,13,22,93,2,3,1,3,2,3,3,2,4,3,2,2,3,3,3,3,3,2,3,2,2,1,2,2,2,2,2,2,3,2,3,22,15,8,4,8,12,6,75,0,0,0,0,0,0,1,0,0,White,0,1,0,0,0,0,male,NA,straight,NA,0,1,0,0,1,0,0,0,0,0,1,1,0,0,1,Cold War,1,0,0,0,1,0,1,0,1,0,0,0,0,0,0,0,Army,Voluntary Discharge,0,0,0,0,0,1,1,"(74.5,100]",Masters degree,Part Time,Married,1,51,0,0,77
5,5,5,4,5,5,3,5,5,5,5,5,4,5,3,5,4,5,5,5,5,30,18,11,14,25,98,2,4,1,3,3,4,4,1,4,3,2,2,4,4,3,3,3,2,3,2,3,2,2,3,1,2,1,3,3,3,3,26,14,10,5,8,12,8,83,0,0,0,0,0,0,1,0,0,White,0,0,0,0,1,0,male,NA,straight,NA,0,1,0,0,1,0,0,0,0,0,1,1,0,0,1,Cold War,0,1,0,0,1,0,1,0,0,0,0,1,0,0,0,0,Navy,Service Completed,0,0,0,0,0,0,3,"(74.5,100]",Masters degree,Retired,Married,6,46,0,0,75
4,5,5,5,5,5,5,5,5,5,5,5,4,5,5,5,5,4,2,5,1,29,19,15,11,21,95,1,4,1,3,1,4,4,1,4,4,4,1,4,4,3,3,4,1,4,4,4,1,1,1,1,1,2,2,4,3,4,27,16,10,3,4,14,9,83,0,0,0,0,0,0,1,0,0,White,1,0,0,0,0,0,male,NA,straight,NA,0,1,0,0,1,0,0,0,0,0,1,0,0,0,0,Cold War,0,1,0,0,1,0,1,0,0,0,1,0,0,0,0,0,Marines,Service Completed,0,0,0,0,0,1,2,"(64.5,74.5]",High school diploma or equivalent,Retired,Married,4,39,0,1,65
5,5,5,2,4,4,5,5,4,5,2,5,5,4,3,3,3,4,3,3,4,26,15,13,12,17,83,1,3,3,3,2,4,3,2,4,3,2,2,3,4,3,3,4,3,3,2,3,2,2,2,2,3,2,2,3,3,3,23,16,9,8,9,12,7,84,0,0,0,0,0,0,1,0,0,White,1,0,0,0,0,0,male,NA,straight,NA,0,1,0,0,1,0,0,0,0,0,1,1,0,0,1,Cold War,0,1,0,0,1,0,1,0,0,0,0,1,0,0,0,0,Navy,Medical Discharge,0,1,1,0,0,1,2,"(74.5,100]",Some college,Retired,Married,3,55,0,0,77
3,2,4,2,3,3,2,3,3,4,2,5,4,4,2,4,2,2,3,4,3,22,13,6,10,13,64,3,4,3,3,3,3,3,3,4,3,3,3,3,4,2,3,3,4,3,3,4,3,3,3,4,3,3,3,3,3,3,24,22,9,10,12,11,10,98,0,1,0,0,0,0,1,0,1,Multiple,0,1,0,0,0,0,male,NA,straight,NA,0,1,0,0,1,0,0,0,0,0,1,1,0,0,1,Cold War,0,1,0,1,2,0,1,0,0,0,0,1,0,0,0,0,Navy,Service Completed,0,0,0,0,0,1,15,"(74.5,100]",Some college,Retired,Divorced,20,36,0,0,75
5,3,5,4,4,5,4,4,5,5,4,5,5,5,5,5,5,4,5,5,5,30,18,12,15,22,97,2,3,1,3,2,3,4,2,4,4,2,2,3,3,3,3,3,3,3,3,3,2,3,2,2,3,1,3,3,2,4,24,15,10,6,10,12,7,84,0,0,0,0,0,0,1,0,0,White,1,0,0,0,0,0,male,NA,straight,NA,0,1,0,0,1,0,0,0,0,0,1,1,0,0,1,Cold War,0,0,0,0,0,1,0,0,1,0,0,0,0,0,0,0,Army,Medical Discharge,0,1,1,0,0,1,0,"(64.5,74.5]",Some college,Retired,Married,1,50,0,0,71
5,2,4,2,4,4,1,3,4,3,3,5,5,4,2,3,2,4,4,4,2,23,14,5,9,19,70,2,3,1,3,2,3,3,2,4,3,1,2,2,3,3,3,3,3,3,2,3,2,2,2,2,2,2,2,2,3,3,21,16,8,6,8,11,6,76,0,0,0,0,0,0,1,0,0,White,1,0,0,0,0,0,male,NA,straight,NA,0,1,0,0,1,0,0,0,0,0,1,0,0,0,0,Cold War,1,0,0,0,1,0,1,0,1,0,0,0,0,0,0,0,Army,Service Completed,0,0,0,1,0,1,1,"(64.5,74.5]",Some college,Retired,Divorced,2,40,0,1,72
5,5,5,5,4,5,3,4,5,3,5,5,5,5,3,5,2,5,5,5,5,28,19,11,12,24,94,1,2,1,1,1,4,4,1,4,2,1,1,3,4,3,3,2,1,3,1,1,1,1,1,1,1,1,2,3,1,2,20,8,8,3,4,12,3,58,0,0,0,0,0,0,1,0,0,White,0,1,0,0,0,0,male,NA,straight,NA,0,1,0,0,1,0,0,0,0,0,1,1,0,0,1,Cold War,0,0,0,0,0,1,0,0,0,0,0,1,0,0,0,0,Navy,Medical Discharge,0,1,1,0,0,1,0,"(74.5,100]",Applied or professional doctorate,Retired,Married,2,53,0,0,77
